episode,score,avg_score,steps  taken
1,3000.0,3000.0,421
2,3000.0,3000.0,842
3,3000.0,3000.0,1263
4,3000.0,3000.0,1684
5,3400.0,3080.0,2110
6,3400.0,3133.3333333333335,2536
7,2800.0,3085.714285714286,3011
8,3400.0,3125.0,3437
9,3400.0,3155.5555555555557,3863
10,3400.0,3180.0,4289
11,2500.0,3118.181818181818,4716
12,3400.0,3141.6666666666665,5142
13,2800.0,3115.3846153846152,5563
14,3400.0,3135.714285714286,5990
15,3400.0,3153.3333333333335,6416
16,3600.0,3181.25,6836
17,3100.0,3176.470588235294,7237
18,3600.0,3200.0,7657
19,2800.0,3178.9473684210525,8081
20,3600.0,3200.0,8501
21,3600.0,3219.0476190476193,8921
22,3600.0,3236.3636363636365,9341
23,3400.0,3243.478260869565,9759
24,3600.0,3258.3333333333335,10179
25,3600.0,3272.0,10599
26,3600.0,3284.6153846153848,11019
27,3600.0,3296.296296296296,11439
28,3600.0,3307.1428571428573,11859
29,2800.0,3289.655172413793,12288
30,3600.0,3300.0,12708
31,3600.0,3309.6774193548385,13128
32,3600.0,3318.75,13548
33,3600.0,3327.2727272727275,13968
34,3600.0,3335.294117647059,14388
35,3600.0,3342.8571428571427,14808
36,1000.0,3277.777777777778,15224
37,3600.0,3286.4864864864867,15644
38,3000.0,3278.9473684210525,16043
39,3600.0,3287.1794871794873,16463
40,3000.0,3280.0,16834
41,3600.0,3287.8048780487807,17254
42,3600.0,3295.2380952380954,17674
43,2800.0,3283.720930232558,18111
44,3600.0,3290.909090909091,18531
45,3600.0,3297.777777777778,18951
46,3200.0,3295.6521739130435,19347
47,3600.0,3302.127659574468,19767
48,3600.0,3308.3333333333335,20187
49,3400.0,3310.204081632653,20623
50,3600.0,3316.0,21043
51,3600.0,3321.5686274509803,21463
52,3600.0,3326.923076923077,21883
53,3600.0,3332.0754716981132,22303
54,3100.0,3327.777777777778,22732
55,3500.0,3330.909090909091,23159
56,3600.0,3335.714285714286,23579
57,2000.0,3312.280701754386,23997
58,2800.0,3303.448275862069,24427
59,3600.0,3308.4745762711864,24847
60,2800.0,3300.0,25205
61,3600.0,3304.9180327868853,25625
62,3600.0,3309.6774193548385,26045
63,3200.0,3307.936507936508,26472
64,3600.0,3312.5,26892
65,3600.0,3316.923076923077,27312
66,3600.0,3321.212121212121,27732
67,3600.0,3325.373134328358,28152
68,1800.0,3302.9411764705883,28519
69,3600.0,3307.246376811594,28939
70,3600.0,3311.4285714285716,29359
71,3600.0,3315.492957746479,29779
72,2000.0,3297.222222222222,30196
73,3600.0,3301.3698630136987,30616
74,3600.0,3305.4054054054054,31036
75,3600.0,3309.3333333333335,31456
76,1400.0,3284.2105263157896,31810
77,3600.0,3288.311688311688,32230
78,3600.0,3292.3076923076924,32650
79,3600.0,3296.2025316455697,33070
80,3600.0,3300.0,33490
81,3600.0,3303.703703703704,33910
82,3600.0,3307.317073170732,34330
83,3600.0,3310.843373493976,34750
84,3600.0,3314.285714285714,35170
85,2800.0,3308.235294117647,35540
86,3600.0,3311.6279069767443,35960
87,2600.0,3303.448275862069,36384
88,3600.0,3306.818181818182,36804
89,3600.0,3310.112359550562,37224
90,3600.0,3313.3333333333335,37644
91,3600.0,3316.4835164835163,38064
92,3400.0,3317.391304347826,38465
93,2200.0,3305.3763440860216,38863
94,3600.0,3308.5106382978724,39283
95,3400.0,3309.4736842105262,39705
96,3600.0,3312.5,40125
97,3600.0,3315.463917525773,40545
98,3600.0,3318.3673469387754,40965
99,3600.0,3321.212121212121,41385
100,3600.0,3324.0,41805
101,3600.0,3330.0,42225
102,200.0,3302.0,42574
103,3600.0,3308.0,42994
104,2600.0,3304.0,43422
105,3600.0,3306.0,43842
106,3600.0,3308.0,44262
107,3600.0,3316.0,44682
108,3600.0,3318.0,45102
109,3600.0,3320.0,45522
110,2600.0,3312.0,45942
111,3600.0,3323.0,46362
112,3600.0,3325.0,46782
113,3600.0,3333.0,47202
114,3600.0,3335.0,47622
115,3600.0,3337.0,48042
116,3600.0,3337.0,48462
117,3600.0,3342.0,48882
118,3600.0,3342.0,49302
119,3600.0,3350.0,49722
120,3600.0,3350.0,50142
121,3600.0,3350.0,50562
122,3600.0,3350.0,50982
123,3600.0,3352.0,51402
124,3600.0,3352.0,51822
125,3600.0,3352.0,52242
126,3600.0,3352.0,52662
127,3600.0,3352.0,53082
128,3600.0,3352.0,53502
129,3600.0,3360.0,53922
130,2600.0,3350.0,54293
131,1800.0,3332.0,54677
132,3600.0,3332.0,55097
133,3600.0,3332.0,55517
134,2800.0,3324.0,55887
135,3600.0,3324.0,56307
136,600.0,3320.0,56709
137,2200.0,3306.0,57073
138,3600.0,3312.0,57493
139,3600.0,3312.0,57913
140,3600.0,3318.0,58333
141,3600.0,3318.0,58753
142,3600.0,3318.0,59173
143,3600.0,3326.0,59593
144,3600.0,3326.0,60013
145,3600.0,3326.0,60433
146,3600.0,3330.0,60853
147,3600.0,3330.0,61273
148,3600.0,3330.0,61693
149,3600.0,3332.0,62113
150,3600.0,3332.0,62533
151,3600.0,3332.0,62953
152,3600.0,3332.0,63373
153,3600.0,3332.0,63793
154,3600.0,3337.0,64213
155,3600.0,3338.0,64633
156,3600.0,3338.0,65053
157,3000.0,3348.0,65425
158,2000.0,3340.0,65822
159,3600.0,3340.0,66242
160,3600.0,3348.0,66662
161,3600.0,3348.0,67082
162,3600.0,3348.0,67502
163,3600.0,3352.0,67922
164,3600.0,3352.0,68342
165,3600.0,3352.0,68762
166,3600.0,3352.0,69182
167,3600.0,3352.0,69602
168,3600.0,3370.0,70022
169,3600.0,3370.0,70442
170,3600.0,3370.0,70862
171,3600.0,3370.0,71282
172,3600.0,3386.0,71702
173,3600.0,3386.0,72122
174,3600.0,3386.0,72542
175,3600.0,3386.0,72962
176,2400.0,3396.0,73381
177,3200.0,3392.0,73767
178,3600.0,3392.0,74187
179,3600.0,3392.0,74607
180,3600.0,3392.0,75027
181,3600.0,3392.0,75447
182,3600.0,3392.0,75867
183,3200.0,3388.0,76292
184,2500.0,3377.0,76772
185,3600.0,3385.0,77192
186,3600.0,3385.0,77612
187,3600.0,3395.0,78032
188,3600.0,3395.0,78452
189,3600.0,3395.0,78872
190,3800.0,3397.0,79293
191,400.0,3365.0,79634
192,3800.0,3369.0,80055
193,3800.0,3385.0,80476
194,3800.0,3387.0,80897
195,3800.0,3391.0,81318
196,3800.0,3393.0,81739
197,3800.0,3395.0,82160
198,3800.0,3397.0,82581
199,3800.0,3399.0,83002
200,3800.0,3401.0,83423
201,3800.0,3403.0,83844
202,3800.0,3439.0,84265
203,1400.0,3417.0,84650
204,2900.0,3420.0,85049
205,3800.0,3422.0,85470
206,3800.0,3424.0,85891
207,3800.0,3426.0,86312
208,3800.0,3428.0,86733
209,3800.0,3430.0,87154
210,1000.0,3414.0,87466
211,3800.0,3416.0,87887
212,3800.0,3418.0,88308
213,3800.0,3420.0,88729
214,3800.0,3422.0,89150
215,3800.0,3424.0,89571
216,3800.0,3426.0,89992
217,3800.0,3428.0,90413
218,3800.0,3430.0,90834
219,3800.0,3432.0,91255
220,3800.0,3434.0,91676
221,3800.0,3436.0,92097
222,3200.0,3432.0,92522
223,3200.0,3428.0,92935
224,3800.0,3430.0,93356
225,3800.0,3432.0,93777
226,3800.0,3434.0,94198
227,3800.0,3436.0,94619
228,3800.0,3438.0,95040
229,3800.0,3440.0,95461
230,3800.0,3452.0,95882
231,3800.0,3472.0,96303
232,3800.0,3474.0,96724
233,2600.0,3464.0,97139
234,3800.0,3474.0,97560
235,3800.0,3476.0,97981
236,3800.0,3508.0,98402
237,3800.0,3524.0,98823
238,3800.0,3526.0,99244
239,3800.0,3528.0,99665
240,3800.0,3530.0,100086
241,3800.0,3532.0,100507
242,3800.0,3534.0,100928
243,3800.0,3536.0,101349
244,3500.0,3535.0,101839
245,2000.0,3519.0,102252
246,3800.0,3521.0,102673
247,2200.0,3507.0,103099
248,1200.0,3483.0,103484
249,3800.0,3485.0,103905
250,3800.0,3487.0,104326
251,3800.0,3489.0,104747
252,3800.0,3491.0,105168
253,3800.0,3493.0,105589
254,3800.0,3495.0,106010
255,3800.0,3497.0,106431
256,3800.0,3499.0,106852
257,3800.0,3507.0,107273
258,3300.0,3520.0,107699
259,3800.0,3522.0,108120
260,3800.0,3524.0,108541
261,3000.0,3518.0,108939
262,3700.0,3519.0,109367
263,3800.0,3521.0,109788
264,3800.0,3523.0,110209
265,2600.0,3513.0,110573
266,3800.0,3515.0,110994
267,3800.0,3517.0,111415
268,3800.0,3519.0,111836
269,2800.0,3511.0,112194
270,3800.0,3513.0,112615
271,3800.0,3515.0,113036
272,3800.0,3517.0,113457
273,3800.0,3519.0,113878
274,3800.0,3521.0,114305
275,3800.0,3523.0,114732
276,2600.0,3525.0,115083
277,3800.0,3531.0,115510
278,3200.0,3527.0,115938
279,3800.0,3529.0,116359
280,3800.0,3531.0,116786
281,3800.0,3533.0,117207
282,3800.0,3535.0,117628
283,3800.0,3541.0,118049
284,3800.0,3554.0,118470
285,3800.0,3556.0,118891
286,1400.0,3534.0,119268
287,3800.0,3536.0,119695
288,3800.0,3538.0,120116
289,3800.0,3540.0,120543
290,3800.0,3540.0,120964
291,3800.0,3574.0,121391
292,3800.0,3574.0,121812
293,3800.0,3574.0,122233
294,2200.0,3558.0,122654
295,3800.0,3558.0,123075
296,3800.0,3558.0,123502
297,3800.0,3558.0,123929
298,3800.0,3558.0,124350
299,3800.0,3558.0,124777
300,3800.0,3558.0,125204
301,3800.0,3558.0,125625
302,3800.0,3558.0,126046
303,3800.0,3582.0,126473
304,3800.0,3591.0,126894
305,2000.0,3573.0,127223
306,3800.0,3573.0,127650
307,3800.0,3573.0,128077
308,3800.0,3573.0,128498
309,3800.0,3573.0,128925
310,3800.0,3601.0,129352
311,3800.0,3601.0,129773
312,3800.0,3601.0,130194
313,3800.0,3601.0,130621
314,3800.0,3601.0,131048
315,3800.0,3601.0,131475
316,3800.0,3601.0,131896
317,2600.0,3589.0,132268
318,3800.0,3589.0,132689
319,3800.0,3589.0,133116
320,3800.0,3589.0,133537
321,3600.0,3587.0,133967
322,3800.0,3593.0,134394
323,3800.0,3599.0,134821
324,3800.0,3599.0,135248
325,3800.0,3599.0,135675
326,3000.0,3591.0,136080
327,3800.0,3591.0,136507
328,3800.0,3591.0,136934
329,3800.0,3591.0,137355
330,3800.0,3591.0,137782
331,3800.0,3591.0,138209
332,3800.0,3591.0,138636
333,3600.0,3601.0,139061
334,3800.0,3601.0,139482
335,3800.0,3601.0,139903
336,3800.0,3601.0,140324
337,3800.0,3601.0,140745
338,3800.0,3601.0,141172
339,3800.0,3601.0,141593
340,3800.0,3601.0,142014
341,3800.0,3601.0,142441
342,3800.0,3601.0,142862
343,3000.0,3593.0,143232
344,4400.0,3602.0,143792
345,4400.0,3626.0,144352
346,4400.0,3632.0,144912
347,4400.0,3654.0,145472
348,4400.0,3686.0,146032
349,4400.0,3692.0,146592
350,4400.0,3698.0,147152
351,4400.0,3704.0,147712
352,4400.0,3710.0,148272
353,4000.0,3712.0,148826
354,4400.0,3718.0,149386
355,4400.0,3724.0,149946
356,4400.0,3730.0,150506
357,4400.0,3736.0,151066
358,4400.0,3747.0,151626
359,4400.0,3753.0,152186
360,4400.0,3759.0,152746
361,4400.0,3773.0,153306
362,4400.0,3780.0,153866
363,4400.0,3786.0,154426
364,4400.0,3792.0,154986
365,4400.0,3810.0,155546
366,3400.0,3806.0,155970
367,4400.0,3812.0,156530
368,4400.0,3818.0,157090
369,3000.0,3820.0,157495
370,4400.0,3826.0,158055
371,4400.0,3832.0,158615
372,2400.0,3818.0,159040
373,4300.0,3823.0,159527
374,4400.0,3829.0,160087
375,4400.0,3835.0,160647
376,4100.0,3850.0,161135
377,4400.0,3856.0,161695
378,4400.0,3868.0,162255
379,4400.0,3874.0,162815
380,4400.0,3880.0,163375
381,3600.0,3878.0,163851
382,4400.0,3884.0,164411
383,4400.0,3890.0,164971
384,4400.0,3896.0,165531
385,2200.0,3880.0,165936
386,4400.0,3910.0,166496
387,4400.0,3916.0,167056
388,3500.0,3913.0,167531
389,4400.0,3919.0,168091
390,4400.0,3925.0,168651
391,4400.0,3931.0,169211
392,4400.0,3937.0,169771
393,4400.0,3943.0,170331
394,4400.0,3965.0,170891
395,3000.0,3957.0,171325
396,4400.0,3963.0,171885
397,4400.0,3969.0,172445
398,4400.0,3975.0,173005
399,4400.0,3981.0,173565
400,4400.0,3987.0,174125
401,4400.0,3993.0,174685
402,4400.0,3999.0,175245
403,4400.0,4005.0,175805
404,4400.0,4011.0,176365
405,4400.0,4035.0,176925
406,4400.0,4041.0,177485
407,2400.0,4027.0,177912
408,2000.0,4009.0,178323
409,4400.0,4015.0,178883
410,4400.0,4021.0,179443
411,3600.0,4019.0,179861
412,4400.0,4025.0,180421
413,4400.0,4031.0,180981
414,4400.0,4037.0,181541
415,4400.0,4043.0,182101
416,4400.0,4049.0,182661
417,4400.0,4067.0,183221
418,4400.0,4073.0,183781
419,4400.0,4079.0,184341
420,2800.0,4069.0,184776
421,4400.0,4077.0,185336
422,4400.0,4083.0,185896
423,1200.0,4057.0,186271
424,4400.0,4063.0,186831
425,4400.0,4069.0,187391
426,2200.0,4061.0,187812
427,4400.0,4067.0,188372
428,4400.0,4073.0,188932
429,4400.0,4079.0,189492
430,2200.0,4063.0,189910
431,2900.0,4054.0,190348
432,4400.0,4060.0,190908
433,4400.0,4068.0,191468
434,4400.0,4074.0,192028
435,2800.0,4064.0,192443
436,3800.0,4064.0,192992
437,4400.0,4070.0,193552
438,2000.0,4052.0,193965
439,4400.0,4058.0,194525
440,4400.0,4064.0,195085
441,4400.0,4070.0,195645
442,4400.0,4076.0,196205
443,2600.0,4072.0,196568
444,4400.0,4072.0,197128
445,3400.0,4062.0,197550
446,4400.0,4062.0,198110
447,2800.0,4046.0,198518
448,4400.0,4046.0,199078
449,4400.0,4046.0,199638
450,4400.0,4046.0,200198
451,4400.0,4046.0,200758
452,1400.0,4016.0,201170
453,4400.0,4020.0,201730
454,4400.0,4020.0,202290
455,2000.0,3996.0,202704
456,4400.0,3996.0,203264
457,4400.0,3996.0,203824
458,4400.0,3996.0,204384
459,4400.0,3996.0,204944
460,4400.0,3996.0,205504
461,4400.0,3996.0,206064
462,4400.0,3996.0,206624
463,2000.0,3972.0,207055
464,3000.0,3958.0,207490
465,4400.0,3958.0,208050
466,4400.0,3968.0,208610
467,4400.0,3968.0,209170
468,4400.0,3968.0,209730
469,4400.0,3982.0,210290
470,4400.0,3982.0,210850
471,4400.0,3982.0,211410
472,4400.0,4002.0,211970
473,4400.0,4003.0,212530
474,3400.0,3993.0,213084
475,4400.0,3993.0,213644
476,4400.0,3996.0,214204
477,4400.0,3996.0,214764
478,4400.0,3996.0,215324
479,4400.0,3996.0,215884
480,4400.0,3996.0,216444
481,4400.0,4004.0,217004
482,4400.0,4004.0,217564
483,4400.0,4004.0,218124
484,4400.0,4004.0,218684
485,2600.0,4008.0,219104
486,4400.0,4008.0,219664
487,3200.0,3996.0,220140
488,4400.0,4005.0,220700
489,4400.0,4005.0,221260
490,4400.0,4005.0,221820
491,4400.0,4005.0,222380
492,4400.0,4005.0,222940
493,4400.0,4005.0,223500
494,4400.0,4005.0,224060
495,3400.0,4009.0,224475
496,4400.0,4009.0,225035
497,4400.0,4009.0,225595
498,4400.0,4009.0,226155
499,4400.0,4009.0,226715
500,2300.0,3988.0,227099
501,4400.0,3988.0,227659
502,4400.0,3988.0,228219
503,4400.0,3988.0,228779
504,4400.0,3988.0,229339
505,4400.0,3988.0,229899
506,3600.0,3980.0,230447
507,4400.0,4000.0,231007
508,4400.0,4024.0,231567
509,4400.0,4024.0,232127
510,2400.0,4004.0,232546
511,4400.0,4012.0,233106
512,4400.0,4012.0,233666
513,4400.0,4012.0,234226
514,3800.0,4006.0,234780
515,2400.0,3986.0,235204
516,4400.0,3986.0,235764
517,4400.0,3986.0,236324
518,4400.0,3986.0,236884
519,4400.0,3986.0,237444
520,4400.0,4002.0,238004
521,4400.0,4002.0,238564
522,4400.0,4002.0,239124
523,3200.0,4022.0,239601
524,4400.0,4022.0,240161
525,4400.0,4022.0,240721
526,4400.0,4044.0,241281
527,4400.0,4044.0,241841
528,3300.0,4033.0,242282
529,4400.0,4033.0,242842
530,4400.0,4055.0,243402
531,4400.0,4070.0,243962
532,4400.0,4070.0,244522
533,3400.0,4060.0,244938
534,4400.0,4060.0,245498
535,1400.0,4046.0,245857
536,4400.0,4052.0,246417
537,2800.0,4036.0,246853
538,4400.0,4060.0,247413
539,4400.0,4060.0,247973
540,4400.0,4060.0,248533
541,4400.0,4060.0,249093
542,4400.0,4060.0,249653
543,4400.0,4078.0,250213
544,4400.0,4078.0,250773
545,4400.0,4088.0,251333
546,4400.0,4088.0,251893
547,4400.0,4104.0,252453
548,4400.0,4104.0,253013
549,4400.0,4104.0,253573
550,4400.0,4104.0,254133
551,4400.0,4104.0,254693
552,4400.0,4134.0,255253
553,4400.0,4134.0,255813
554,4400.0,4134.0,256373
555,4400.0,4158.0,256933
556,4400.0,4158.0,257493
557,2200.0,4136.0,257906
558,4400.0,4136.0,258466
559,4400.0,4136.0,259026
560,4400.0,4136.0,259586
561,4400.0,4136.0,260146
562,4400.0,4136.0,260706
563,4400.0,4160.0,261266
564,4400.0,4174.0,261826
565,4400.0,4174.0,262386
566,4400.0,4174.0,262946
567,4400.0,4174.0,263506
568,4400.0,4174.0,264066
569,4400.0,4174.0,264626
570,2600.0,4156.0,264978
571,4400.0,4156.0,265538
572,4400.0,4156.0,266098
573,4400.0,4156.0,266658
574,4400.0,4166.0,267218
575,4400.0,4166.0,267778
576,4400.0,4166.0,268338
577,4400.0,4166.0,268898
578,4400.0,4166.0,269458
579,4400.0,4166.0,270018
580,1400.0,4136.0,270359
581,3200.0,4124.0,270794
582,4400.0,4124.0,271354
583,4400.0,4124.0,271914
584,4400.0,4124.0,272474
585,4400.0,4142.0,273034
586,4400.0,4142.0,273594
587,4400.0,4154.0,274154
588,4400.0,4154.0,274714
589,4400.0,4154.0,275274
590,4400.0,4154.0,275834
591,3600.0,4146.0,276309
592,4400.0,4146.0,276869
593,4400.0,4146.0,277429
594,4400.0,4146.0,277989
595,4400.0,4156.0,278549
596,4400.0,4156.0,279109
597,4400.0,4156.0,279669
598,4400.0,4156.0,280229
599,1000.0,4122.0,280579
600,4400.0,4143.0,281139
601,4400.0,4143.0,281699
602,4400.0,4143.0,282259
603,2200.0,4121.0,282676
604,1600.0,4093.0,282976
605,4400.0,4093.0,283536
606,4400.0,4101.0,284096
607,4400.0,4101.0,284656
608,2600.0,4083.0,285012
609,4400.0,4083.0,285572
610,4400.0,4103.0,286132
611,4400.0,4103.0,286692
612,4400.0,4103.0,287252
613,3400.0,4093.0,287741
614,4400.0,4099.0,288301
615,4400.0,4119.0,288861
616,4400.0,4119.0,289421
617,4400.0,4119.0,289981
618,4400.0,4119.0,290541
619,4400.0,4119.0,291101
620,2600.0,4101.0,291518
621,4400.0,4101.0,292078
622,4400.0,4101.0,292638
623,3300.0,4102.0,293115
624,4400.0,4102.0,293675
625,4400.0,4102.0,294235
626,4400.0,4102.0,294795
627,4400.0,4102.0,295355
628,4400.0,4113.0,295915
629,4400.0,4113.0,296475
630,3700.0,4106.0,296954
631,3800.0,4100.0,297514
632,4400.0,4100.0,298074
633,4400.0,4110.0,298634
634,4400.0,4110.0,299194
635,2200.0,4118.0,299610
636,4400.0,4118.0,300170
637,4400.0,4134.0,300730
638,4400.0,4134.0,301290
639,4400.0,4134.0,301850
640,4400.0,4134.0,302410
641,4400.0,4134.0,302970
642,4400.0,4134.0,303530
643,4400.0,4134.0,304090
644,4400.0,4134.0,304650
645,4400.0,4134.0,305210
646,4400.0,4134.0,305770
647,4400.0,4134.0,306330
648,4400.0,4134.0,306890
649,4400.0,4134.0,307450
650,4400.0,4134.0,308010
651,3600.0,4126.0,308560
652,4400.0,4126.0,309120
653,4400.0,4126.0,309680
654,4400.0,4126.0,310240
655,4400.0,4126.0,310800
656,4400.0,4126.0,311360
657,2000.0,4124.0,311784
658,4400.0,4124.0,312344
659,4400.0,4124.0,312904
660,4400.0,4124.0,313464
661,4400.0,4124.0,314024
662,4400.0,4124.0,314584
663,4400.0,4124.0,315144
664,4400.0,4124.0,315704
665,4400.0,4124.0,316264
666,4400.0,4124.0,316824
667,4400.0,4124.0,317384
668,4400.0,4124.0,317944
669,3200.0,4112.0,318361
670,3600.0,4122.0,318918
671,4400.0,4122.0,319478
672,4000.0,4118.0,320056
673,4400.0,4118.0,320616
674,4400.0,4118.0,321176
675,4400.0,4118.0,321736
676,4400.0,4118.0,322296
677,4400.0,4118.0,322856
678,4400.0,4118.0,323403
679,4600.0,4120.0,323994
680,4600.0,4152.0,324542
681,3900.0,4159.0,325019
682,4600.0,4161.0,325610
683,3900.0,4156.0,326099
684,4600.0,4158.0,326647
685,4600.0,4160.0,327238
686,4600.0,4162.0,327829
687,4600.0,4164.0,328377
688,3700.0,4157.0,328862
689,4600.0,4159.0,329453
690,3700.0,4152.0,329933
691,4600.0,4162.0,330481
692,4600.0,4164.0,331029
693,2400.0,4144.0,331455
694,4600.0,4146.0,332003
695,4600.0,4148.0,332551
696,4600.0,4150.0,333099
697,4600.0,4152.0,333690
698,4600.0,4154.0,334281
699,4600.0,4190.0,334829
700,4600.0,4192.0,335420
701,4600.0,4194.0,336011
702,4600.0,4196.0,336602
703,4600.0,4220.0,337150
704,4600.0,4250.0,337698
705,4600.0,4252.0,338246
706,4400.0,4252.0,338793
707,4600.0,4254.0,339384
708,4600.0,4274.0,339975
709,4600.0,4276.0,340523
710,4600.0,4278.0,341071
711,4600.0,4280.0,341662
712,4600.0,4282.0,342252
713,2700.0,4275.0,342618
714,4600.0,4277.0,343208
715,4600.0,4279.0,343756
716,4600.0,4281.0,344304
717,4600.0,4283.0,344894
718,3700.0,4276.0,345382
719,4600.0,4278.0,345930
720,4600.0,4298.0,346478
721,3000.0,4284.0,346845
722,4600.0,4286.0,347436
723,4600.0,4299.0,347984
724,4600.0,4301.0,348532
725,4600.0,4303.0,349080
726,2400.0,4283.0,349499
727,4600.0,4285.0,350047
728,4600.0,4287.0,350637
729,4600.0,4289.0,351185
730,4600.0,4298.0,351776
731,4600.0,4306.0,352324
732,1400.0,4276.0,352679
733,4600.0,4278.0,353227
734,4600.0,4280.0,353775
735,4600.0,4304.0,354323
736,4600.0,4306.0,354871
737,4600.0,4308.0,355419
738,4600.0,4310.0,355967
739,4600.0,4312.0,356558
740,4600.0,4314.0,357149
741,4600.0,4316.0,357697
742,4600.0,4318.0,358245
743,4400.0,4318.0,358789
744,4600.0,4320.0,359380
745,4600.0,4322.0,359928
746,4600.0,4324.0,360518
747,1800.0,4298.0,360876
748,4600.0,4300.0,361424
749,4600.0,4302.0,361972
750,4600.0,4304.0,362562
751,4600.0,4314.0,363152
752,4600.0,4316.0,363742
753,4600.0,4318.0,364290
754,4600.0,4320.0,364880
755,4600.0,4322.0,365428
756,4600.0,4324.0,366018
757,3400.0,4338.0,366505
758,4600.0,4340.0,367095
759,4600.0,4342.0,367686
760,4600.0,4344.0,368276
761,4600.0,4346.0,368824
762,4600.0,4348.0,369415
763,2400.0,4328.0,369849
764,4600.0,4330.0,370439
765,4600.0,4332.0,371030
766,4600.0,4334.0,371620
767,4600.0,4336.0,372168
768,4600.0,4338.0,372758
769,4600.0,4352.0,373306
770,4600.0,4362.0,373854
771,4600.0,4364.0,374444
772,4600.0,4370.0,374992
773,4600.0,4372.0,375540
774,4600.0,4374.0,376088
775,2200.0,4352.0,376438
776,4600.0,4354.0,377028
777,4600.0,4356.0,377576
778,4600.0,4358.0,378124
779,4600.0,4358.0,378715
780,1400.0,4326.0,379071
781,4600.0,4333.0,379661
782,1700.0,4304.0,380053
783,3600.0,4301.0,380542
784,4600.0,4301.0,381133
785,4600.0,4301.0,381723
786,4600.0,4301.0,382270
787,4600.0,4301.0,382818
788,2200.0,4286.0,383227
789,4600.0,4286.0,383817
790,4600.0,4295.0,384364
791,4600.0,4295.0,384954
792,4600.0,4295.0,385545
793,4600.0,4317.0,386093
794,4600.0,4317.0,386683
795,2200.0,4293.0,387093
796,4600.0,4293.0,387641
797,4600.0,4293.0,388188
798,4600.0,4293.0,388735
799,4600.0,4293.0,389325
800,4600.0,4293.0,389872
801,4600.0,4293.0,390463
802,4600.0,4293.0,391010
803,4600.0,4293.0,391601
804,4600.0,4293.0,392148
805,4600.0,4293.0,392739
806,4600.0,4295.0,393287
807,4600.0,4295.0,393877
808,4600.0,4295.0,394425
809,2700.0,4276.0,394855
810,4600.0,4276.0,395445
811,4600.0,4276.0,395993
812,4600.0,4276.0,396540
813,400.0,4253.0,396896
814,2800.0,4235.0,397311
815,4600.0,4235.0,397902
816,4600.0,4235.0,398449
817,4600.0,4235.0,399040
818,4600.0,4244.0,399631
819,4600.0,4244.0,400179
820,4600.0,4244.0,400769
821,2400.0,4238.0,401121
822,4600.0,4238.0,401669
823,4600.0,4238.0,402259
824,4600.0,4238.0,402850
825,4600.0,4238.0,403441
826,4600.0,4260.0,404032
827,4600.0,4260.0,404623
828,4600.0,4260.0,405213
829,4600.0,4260.0,405803
830,4600.0,4260.0,406351
831,4600.0,4260.0,406941
832,4600.0,4292.0,407532
833,4600.0,4292.0,408080
834,4600.0,4292.0,408670
835,4600.0,4292.0,409217
836,4600.0,4292.0,409764
837,4600.0,4292.0,410312
838,4600.0,4292.0,410903
839,2400.0,4270.0,411261
840,4600.0,4270.0,411851
841,4600.0,4270.0,412398
842,4600.0,4270.0,412989
843,3300.0,4259.0,413465
844,4600.0,4259.0,414055
845,4600.0,4259.0,414646
846,4600.0,4259.0,415236
847,4600.0,4287.0,415827
848,2200.0,4263.0,416192
849,4600.0,4263.0,416782
850,4600.0,4263.0,417329
851,4600.0,4263.0,417877
852,4600.0,4263.0,418468
853,4600.0,4263.0,419058
854,4600.0,4263.0,419649
855,4600.0,4263.0,420239
856,4600.0,4263.0,420787
857,4600.0,4275.0,421378
858,4600.0,4275.0,421968
859,4600.0,4275.0,422559
860,4600.0,4275.0,423107
861,3700.0,4266.0,423581
862,4600.0,4266.0,424128
863,2600.0,4268.0,424510
864,4600.0,4268.0,425100
865,3000.0,4252.0,425532
866,4600.0,4252.0,426122
867,3200.0,4238.0,426560
868,4600.0,4238.0,427108
869,4600.0,4238.0,427699
870,2800.0,4220.0,428124
871,4400.0,4218.0,428658
872,4600.0,4218.0,429205
873,4600.0,4218.0,429796
874,3500.0,4207.0,430280
875,4600.0,4231.0,430828
876,4600.0,4231.0,431418
877,4600.0,4231.0,431965
878,2600.0,4211.0,432385
879,3300.0,4198.0,432826
880,4600.0,4230.0,433373
881,4600.0,4230.0,433964
882,4600.0,4259.0,434555
883,4600.0,4269.0,435145
884,4600.0,4269.0,435736
885,2800.0,4251.0,436157
886,4600.0,4251.0,436747
887,4600.0,4251.0,437295
888,2600.0,4255.0,437713
889,4600.0,4255.0,438261
890,4600.0,4255.0,438809
891,4600.0,4255.0,439356
892,4600.0,4255.0,439946
893,4600.0,4255.0,440536
894,4600.0,4255.0,441084
895,4600.0,4279.0,441675
896,2000.0,4253.0,442039
897,4600.0,4253.0,442586
898,2000.0,4227.0,442912
899,4600.0,4227.0,443503
900,4600.0,4227.0,444093
901,4600.0,4227.0,444684
902,3600.0,4217.0,445110
903,4600.0,4217.0,445657
904,4600.0,4217.0,446204
905,4600.0,4217.0,446751
906,4600.0,4217.0,447298
907,4600.0,4217.0,447845
908,4600.0,4217.0,448436
909,4600.0,4236.0,448984
910,4600.0,4236.0,449532
911,4600.0,4236.0,450123
912,5000.0,4240.0,450677
913,5000.0,4286.0,451231
914,5000.0,4308.0,451785
915,5000.0,4312.0,452339
916,5000.0,4316.0,452893
917,5000.0,4320.0,453447
918,3600.0,4310.0,453921
919,5000.0,4314.0,454475
920,2400.0,4292.0,454901
921,5000.0,4318.0,455455
922,5000.0,4322.0,456009
923,3400.0,4310.0,456482
924,5000.0,4314.0,457036
925,5000.0,4318.0,457590
926,2200.0,4294.0,458008
927,5000.0,4298.0,458562
928,3200.0,4284.0,458999
929,3300.0,4271.0,459473
930,5000.0,4275.0,460027
931,5000.0,4279.0,460581
932,1200.0,4245.0,460893
933,5000.0,4249.0,461447
934,5000.0,4253.0,462001
935,5000.0,4257.0,462555
936,5000.0,4261.0,463109
937,5000.0,4265.0,463663
938,5000.0,4269.0,464217
939,5000.0,4295.0,464771
940,5000.0,4299.0,465325
941,5000.0,4303.0,465879
942,5000.0,4307.0,466433
943,5000.0,4324.0,466987
944,4800.0,4326.0,467545
945,5000.0,4330.0,468099
946,5000.0,4334.0,468653
947,5000.0,4338.0,469207
948,5000.0,4366.0,469761
949,5000.0,4370.0,470315
950,5000.0,4374.0,470869
951,5000.0,4378.0,471423
952,2200.0,4354.0,471844
953,2600.0,4334.0,472219
954,5000.0,4338.0,472773
955,5000.0,4342.0,473327
956,5000.0,4346.0,473881
957,4800.0,4348.0,474427
958,2400.0,4326.0,474848
959,5000.0,4330.0,475402
960,3500.0,4319.0,475880
961,5000.0,4332.0,476434
962,5000.0,4336.0,476988
963,3200.0,4342.0,477402
964,5000.0,4346.0,477956
965,5000.0,4366.0,478510
966,600.0,4326.0,478856
967,5000.0,4344.0,479410
968,5000.0,4348.0,479964
969,5000.0,4352.0,480518
970,5000.0,4374.0,481072
971,5000.0,4380.0,481626
972,5000.0,4384.0,482180
973,5000.0,4388.0,482734
974,5000.0,4403.0,483288
975,5000.0,4407.0,483842
976,5000.0,4411.0,484396
977,5000.0,4415.0,484950
978,3100.0,4420.0,485444
979,5000.0,4437.0,485998
980,5000.0,4441.0,486552
981,5000.0,4445.0,487106
982,5000.0,4449.0,487660
983,5000.0,4453.0,488214
984,5000.0,4457.0,488768
985,5000.0,4479.0,489322
986,3000.0,4463.0,489751
987,5000.0,4467.0,490305
988,5000.0,4491.0,490859
989,5000.0,4495.0,491413
990,5000.0,4499.0,491967
991,5000.0,4503.0,492521
992,5000.0,4507.0,493075
993,5000.0,4511.0,493629
994,5000.0,4515.0,494183
995,5000.0,4519.0,494737
996,5000.0,4549.0,495291
997,5000.0,4553.0,495845
998,3000.0,4563.0,496275
999,5000.0,4567.0,496829
1000,5000.0,4571.0,497383
1001,5000.0,4575.0,497937
1002,5000.0,4589.0,498491
1003,5000.0,4593.0,499045
1004,5000.0,4597.0,499599
1005,3000.0,4581.0,500025
1006,5000.0,4585.0,500579
1007,5000.0,4589.0,501133
1008,5000.0,4593.0,501687
1009,5000.0,4597.0,502241
1010,5000.0,4601.0,502795
1011,5000.0,4605.0,503349
1012,5000.0,4605.0,503903
1013,1400.0,4569.0,504250
1014,5000.0,4569.0,504804
1015,5000.0,4569.0,505358
1016,5000.0,4569.0,505912
1017,2000.0,4539.0,506327
1018,2600.0,4529.0,506751
1019,5000.0,4529.0,507305
1020,5000.0,4555.0,507859
1021,5000.0,4555.0,508413
1022,5000.0,4555.0,508967
1023,5000.0,4571.0,509521
1024,3000.0,4551.0,509937
1025,5000.0,4551.0,510491
1026,5000.0,4579.0,511045
1027,5000.0,4579.0,511599
1028,5000.0,4597.0,512153
1029,5000.0,4614.0,512707
1030,5000.0,4614.0,513261
1031,5000.0,4614.0,513815
1032,5000.0,4652.0,514369
1033,5000.0,4652.0,514923
1034,5000.0,4652.0,515477
1035,5000.0,4652.0,516031
1036,5000.0,4652.0,516585
1037,5000.0,4652.0,517139
1038,4700.0,4649.0,517710
1039,5000.0,4649.0,518264
1040,5000.0,4649.0,518818
1041,3400.0,4633.0,519309
1042,5000.0,4633.0,519863
1043,3700.0,4620.0,520339
1044,5000.0,4622.0,520893
1045,5000.0,4622.0,521447
1046,5000.0,4622.0,522001
1047,5000.0,4622.0,522555
1048,5000.0,4622.0,523109
1049,5000.0,4622.0,523663
1050,5000.0,4622.0,524217
1051,5000.0,4622.0,524771
1052,5000.0,4650.0,525325
1053,5000.0,4674.0,525879
1054,5000.0,4674.0,526433
1055,3400.0,4658.0,526856
1056,3400.0,4642.0,527332
1057,5000.0,4644.0,527886
1058,2200.0,4642.0,528295
1059,5000.0,4642.0,528849
1060,5000.0,4657.0,529403
1061,5000.0,4657.0,529957
1062,2200.0,4629.0,530324
1063,5000.0,4647.0,530878
1064,1000.0,4607.0,531296
1065,5000.0,4607.0,531850
1066,4400.0,4645.0,532399
1067,5000.0,4645.0,532953
1068,5000.0,4645.0,533507
1069,5000.0,4645.0,534061
1070,5000.0,4645.0,534615
1071,5000.0,4645.0,535169
1072,2000.0,4615.0,535506
1073,5000.0,4615.0,536060
1074,1400.0,4579.0,536368
1075,5000.0,4579.0,536922
1076,5000.0,4579.0,537476
1077,5000.0,4579.0,538030
1078,5000.0,4598.0,538584
1079,5000.0,4598.0,539138
1080,5000.0,4598.0,539692
1081,5000.0,4598.0,540246
1082,5000.0,4598.0,540800
1083,5000.0,4598.0,541354
1084,5000.0,4598.0,541908
1085,5000.0,4598.0,542462
1086,5000.0,4618.0,543016
1087,5000.0,4618.0,543570
1088,5000.0,4618.0,544124
1089,5000.0,4618.0,544678
1090,5000.0,4618.0,545232
1091,5000.0,4618.0,545786
1092,3700.0,4605.0,546261
1093,5000.0,4605.0,546815
1094,5000.0,4605.0,547369
1095,5000.0,4605.0,547923
1096,1800.0,4573.0,548344
1097,4800.0,4571.0,548891
1098,5000.0,4591.0,549445
1099,5000.0,4591.0,549999
1100,5000.0,4591.0,550553
1101,5000.0,4591.0,551107
1102,5000.0,4591.0,551661
1103,5000.0,4591.0,552215
1104,5000.0,4591.0,552769
1105,5000.0,4611.0,553323
1106,5000.0,4611.0,553877
1107,2600.0,4587.0,554298
1108,2200.0,4559.0,554630
1109,5000.0,4559.0,555184
1110,5000.0,4559.0,555738
1111,5000.0,4559.0,556292
1112,5000.0,4559.0,556846
1113,5000.0,4595.0,557400
1114,3700.0,4582.0,557871
1115,2000.0,4552.0,558287
1116,5000.0,4552.0,558841
1117,5000.0,4582.0,559395
1118,5000.0,4606.0,559949
1119,5000.0,4606.0,560503
1120,5000.0,4606.0,561057
1121,5000.0,4606.0,561611
1122,5000.0,4606.0,562165
1123,5000.0,4606.0,562719
1124,5000.0,4626.0,563273
1125,5000.0,4626.0,563827
1126,5000.0,4626.0,564381
1127,4800.0,4624.0,564937
1128,5000.0,4624.0,565491
1129,5000.0,4624.0,566045
1130,5000.0,4624.0,566599
1131,5000.0,4624.0,567153
1132,5000.0,4624.0,567707
1133,5000.0,4624.0,568261
1134,5000.0,4624.0,568815
1135,5000.0,4624.0,569369
1136,5000.0,4624.0,569923
1137,5000.0,4624.0,570477
1138,5000.0,4627.0,571031
1139,5000.0,4627.0,571585
1140,5000.0,4627.0,572139
1141,5000.0,4643.0,572693
1142,1400.0,4607.0,573049
1143,5000.0,4620.0,573603
1144,5000.0,4620.0,574157
1145,5000.0,4620.0,574711
1146,5000.0,4620.0,575265
1147,5000.0,4620.0,575819
1148,5000.0,4620.0,576373
1149,5000.0,4620.0,576927
1150,2400.0,4594.0,577344
1151,5000.0,4594.0,577898
1152,5000.0,4594.0,578452
1153,5000.0,4594.0,579006
1154,5000.0,4594.0,579560
1155,5000.0,4610.0,580114
1156,5000.0,4626.0,580668
1157,2500.0,4601.0,581097
1158,5000.0,4629.0,581651
1159,5000.0,4629.0,582205
1160,5000.0,4629.0,582759
1161,2400.0,4603.0,583181
1162,5000.0,4631.0,583735
1163,5000.0,4631.0,584289
1164,5000.0,4671.0,584843
1165,5000.0,4671.0,585397
1166,5000.0,4677.0,585951
1167,5000.0,4677.0,586505
1168,5000.0,4677.0,587059
1169,2400.0,4651.0,587479
1170,5000.0,4651.0,588033
1171,5000.0,4651.0,588587
1172,3400.0,4665.0,589030
1173,2800.0,4643.0,589458
1174,5000.0,4679.0,590012
1175,5000.0,4679.0,590566
1176,5000.0,4679.0,591120
1177,5000.0,4679.0,591674
1178,5000.0,4679.0,592228
1179,3900.0,4668.0,592780
1180,5000.0,4668.0,593334
1181,5000.0,4668.0,593888
1182,5000.0,4668.0,594442
1183,5000.0,4668.0,594996
1184,5000.0,4668.0,595550
1185,5000.0,4668.0,596104
1186,5000.0,4668.0,596658
1187,5000.0,4668.0,597212
1188,5000.0,4668.0,597766
1189,5000.0,4668.0,598320
1190,2400.0,4642.0,598739
1191,4000.0,4632.0,599163
1192,5000.0,4645.0,599717
1193,3600.0,4631.0,600191
1194,5000.0,4631.0,600745
1195,2600.0,4607.0,601167
1196,5000.0,4639.0,601721
1197,5000.0,4641.0,602275
1198,5000.0,4641.0,602829
1199,3500.0,4626.0,603283
1200,5000.0,4626.0,603837
1201,5000.0,4626.0,604391
1202,5000.0,4626.0,604945
1203,5000.0,4626.0,605499
1204,5000.0,4626.0,606053
1205,5000.0,4626.0,606607
1206,5000.0,4626.0,607161
1207,5000.0,4650.0,607715
1208,5000.0,4678.0,608269
1209,5000.0,4678.0,608823
1210,5000.0,4678.0,609377
1211,5000.0,4678.0,609931
1212,2400.0,4652.0,610282
1213,5000.0,4652.0,610836
1214,5000.0,4665.0,611390
1215,5000.0,4695.0,611944
1216,5000.0,4695.0,612498
1217,5000.0,4695.0,613052
1218,3400.0,4679.0,613528
1219,5000.0,4679.0,614082
1220,5000.0,4679.0,614636
1221,5000.0,4679.0,615190
1222,5000.0,4679.0,615744
1223,5000.0,4679.0,616298
1224,5000.0,4679.0,616852
1225,5000.0,4679.0,617406
1226,2000.0,4649.0,617822
1227,2000.0,4621.0,618205
1228,2400.0,4595.0,618619
1229,4400.0,4589.0,619165
1230,5000.0,4589.0,619719
1231,5000.0,4589.0,620273
1232,5000.0,4589.0,620827
1233,5000.0,4589.0,621381
1234,5000.0,4589.0,621935
1235,5000.0,4589.0,622489
1236,5000.0,4589.0,623043
1237,5000.0,4589.0,623597
1238,5000.0,4589.0,624151
1239,5000.0,4589.0,624705
1240,5000.0,4589.0,625259
1241,5000.0,4589.0,625813
1242,5000.0,4625.0,626367
1243,5000.0,4625.0,626921
1244,5000.0,4625.0,627475
1245,5000.0,4625.0,628029
1246,2000.0,4595.0,628448
1247,5000.0,4595.0,629002
1248,3300.0,4578.0,629425
1249,1200.0,4540.0,629811
1250,5000.0,4566.0,630365
1251,5000.0,4566.0,630919
1252,5000.0,4566.0,631473
1253,5000.0,4566.0,632027
1254,5000.0,4566.0,632581
1255,5000.0,4566.0,633135
1256,5000.0,4566.0,633689
1257,5000.0,4591.0,634243
1258,5000.0,4591.0,634797
1259,5000.0,4591.0,635351
1260,5000.0,4591.0,635905
1261,1000.0,4577.0,636256
1262,5000.0,4577.0,636810
1263,5000.0,4577.0,637364
1264,5000.0,4577.0,637918
1265,1200.0,4539.0,638201
1266,2400.0,4513.0,638619
1267,5000.0,4513.0,639173
1268,1600.0,4479.0,639576
1269,5000.0,4505.0,640130
1270,5000.0,4505.0,640684
1271,5000.0,4505.0,641238
1272,5000.0,4521.0,641792
1273,5000.0,4543.0,642346
1274,5000.0,4543.0,642900
1275,5000.0,4543.0,643454
1276,5000.0,4543.0,644008
1277,5000.0,4543.0,644562
1278,5000.0,4543.0,645116
1279,5000.0,4554.0,645670
1280,5000.0,4554.0,646224
1281,5000.0,4554.0,646778
1282,5000.0,4554.0,647332
1283,5000.0,4554.0,647886
1284,5000.0,4554.0,648440
1285,5000.0,4554.0,648994
1286,5000.0,4554.0,649548
1287,5000.0,4554.0,650102
1288,5000.0,4554.0,650656
1289,5000.0,4554.0,651210
1290,5000.0,4580.0,651764
1291,5000.0,4590.0,652318
1292,5000.0,4590.0,652872
1293,3000.0,4584.0,653291
1294,5000.0,4584.0,653845
1295,5000.0,4608.0,654399
1296,5000.0,4608.0,654953
1297,5000.0,4608.0,655507
1298,5000.0,4608.0,656061
1299,5000.0,4623.0,656615
1300,5000.0,4623.0,657169
1301,5000.0,4623.0,657723
1302,5000.0,4623.0,658277
1303,5000.0,4623.0,658831
1304,5000.0,4623.0,659385
1305,5000.0,4623.0,659939
1306,5000.0,4623.0,660493
1307,5000.0,4623.0,661047
1308,5000.0,4623.0,661601
1309,5000.0,4623.0,662155
1310,5000.0,4623.0,662709
1311,5000.0,4623.0,663263
1312,5000.0,4649.0,663817
1313,5000.0,4649.0,664371
1314,5000.0,4649.0,664925
1315,5000.0,4649.0,665479
1316,5000.0,4649.0,666033
1317,5000.0,4649.0,666587
1318,5000.0,4665.0,667141
1319,5000.0,4665.0,667695
1320,5000.0,4665.0,668249
1321,5000.0,4665.0,668803
1322,2200.0,4637.0,669218
1323,2200.0,4609.0,669614
1324,5000.0,4609.0,670168
1325,5000.0,4609.0,670722
1326,5000.0,4639.0,671276
1327,5000.0,4669.0,671830
1328,5000.0,4695.0,672384
1329,4600.0,4697.0,672974
1330,5000.0,4697.0,673528
1331,5000.0,4697.0,674082
1332,5000.0,4697.0,674636
1333,5000.0,4697.0,675190
1334,5000.0,4697.0,675744
1335,1800.0,4665.0,676153
1336,5000.0,4665.0,676707
1337,5000.0,4665.0,677261
1338,600.0,4621.0,677649
1339,5000.0,4621.0,678203
1340,5000.0,4621.0,678757
1341,5000.0,4621.0,679311
1342,5000.0,4621.0,679865
1343,5000.0,4621.0,680419
1344,5000.0,4621.0,680973
1345,5000.0,4621.0,681527
1346,5000.0,4651.0,682081
1347,5000.0,4651.0,682635
1348,5000.0,4668.0,683189
1349,5000.0,4706.0,683743
1350,5000.0,4706.0,684297
1351,5000.0,4706.0,684851
1352,5000.0,4706.0,685405
1353,5000.0,4706.0,685959
1354,2800.0,4684.0,686389
1355,5000.0,4684.0,686943
1356,2200.0,4656.0,687365
1357,5000.0,4656.0,687919
1358,5000.0,4656.0,688473
1359,2100.0,4627.0,688907
1360,5000.0,4627.0,689461
1361,5000.0,4667.0,690015
1362,5000.0,4667.0,690569
1363,5000.0,4667.0,691123
1364,5000.0,4667.0,691677
1365,3700.0,4692.0,692155
1366,5000.0,4718.0,692709
1367,5000.0,4718.0,693263
1368,5000.0,4752.0,693817
1369,5000.0,4752.0,694371
1370,3200.0,4734.0,694810
1371,4800.0,4732.0,695355
1372,1400.0,4696.0,695716
1373,5000.0,4696.0,696270
1374,5000.0,4696.0,696824
1375,5000.0,4696.0,697378
1376,5000.0,4696.0,697932
1377,5000.0,4696.0,698486
1378,5000.0,4696.0,699040
1379,5000.0,4696.0,699594
1380,5000.0,4696.0,700148
1381,5000.0,4696.0,700702
1382,5000.0,4696.0,701256
1383,5000.0,4696.0,701810
1384,5000.0,4696.0,702364
1385,5000.0,4696.0,702918
1386,5000.0,4696.0,703472
1387,5000.0,4696.0,704026
1388,5000.0,4696.0,704580
1389,5000.0,4696.0,705134
1390,5000.0,4696.0,705688
1391,5000.0,4696.0,706242
1392,5000.0,4696.0,706796
1393,2000.0,4686.0,707211
1394,5000.0,4686.0,707765
1395,5000.0,4686.0,708319
1396,5000.0,4686.0,708873
1397,5000.0,4686.0,709427
1398,5000.0,4686.0,709981
1399,2000.0,4656.0,710391
1400,5000.0,4656.0,710945
1401,3600.0,4642.0,711362
1402,5000.0,4642.0,711916
1403,5000.0,4642.0,712470
1404,5000.0,4642.0,713024
1405,5000.0,4642.0,713578
1406,5000.0,4642.0,714132
1407,5000.0,4642.0,714686
1408,5000.0,4642.0,715240
1409,5000.0,4642.0,715794
1410,5000.0,4642.0,716348
1411,5000.0,4642.0,716902
1412,5000.0,4642.0,717456
1413,5000.0,4642.0,718010
1414,3800.0,4630.0,718438
1415,5000.0,4630.0,718992
1416,2200.0,4602.0,719363
1417,5000.0,4602.0,719917
1418,2000.0,4572.0,720306
1419,5000.0,4572.0,720860
1420,3400.0,4556.0,721278
1421,2200.0,4528.0,721688
1422,2200.0,4528.0,722086
1423,3000.0,4536.0,722506
1424,5000.0,4536.0,723060
1425,5000.0,4536.0,723614
1426,5000.0,4536.0,724168
1427,5000.0,4536.0,724722
1428,3300.0,4519.0,725198
1429,5000.0,4523.0,725752
1430,5000.0,4523.0,726306
1431,2400.0,4497.0,726670
1432,5000.0,4497.0,727224
1433,5000.0,4497.0,727778
1434,5000.0,4497.0,728332
1435,5000.0,4529.0,728886
1436,5000.0,4529.0,729440
1437,5000.0,4529.0,729994
1438,5000.0,4573.0,730548
1439,5000.0,4573.0,731102
1440,5000.0,4573.0,731656
1441,5000.0,4573.0,732210
1442,5000.0,4573.0,732764
1443,5000.0,4573.0,733318
1444,5000.0,4573.0,733872
1445,5000.0,4573.0,734426
1446,2000.0,4543.0,734827
1447,3200.0,4525.0,735266
1448,5000.0,4525.0,735820
1449,5000.0,4525.0,736374
1450,5000.0,4525.0,736928
1451,5000.0,4525.0,737482
1452,5000.0,4525.0,738036
1453,5000.0,4525.0,738590
1454,5000.0,4547.0,739144
1455,2600.0,4523.0,739576
1456,5000.0,4551.0,740130
1457,5000.0,4551.0,740684
1458,5000.0,4551.0,741238
1459,5000.0,4580.0,741792
1460,5000.0,4580.0,742346
1461,5000.0,4580.0,742900
1462,5000.0,4580.0,743454
1463,5000.0,4580.0,744008
1464,5000.0,4580.0,744562
1465,4800.0,4591.0,745107
1466,5000.0,4591.0,745661
1467,5000.0,4591.0,746215
1468,5000.0,4591.0,746769
1469,5000.0,4591.0,747323
1470,5000.0,4609.0,747877
1471,5000.0,4611.0,748431
1472,5000.0,4647.0,748985
1473,2200.0,4619.0,749339
1474,5000.0,4619.0,749893
1475,5000.0,4619.0,750447
1476,5000.0,4619.0,751001
1477,5000.0,4619.0,751555
1478,5000.0,4619.0,752109
1479,5000.0,4619.0,752663
1480,5000.0,4619.0,753217
1481,3300.0,4602.0,753661
1482,5000.0,4602.0,754215
1483,5000.0,4602.0,754769
1484,5000.0,4602.0,755323
1485,5000.0,4602.0,755877
1486,5000.0,4602.0,756431
1487,5000.0,4602.0,756985
1488,5000.0,4602.0,757539
1489,5000.0,4602.0,758093
1490,5000.0,4602.0,758647
1491,5000.0,4602.0,759201
1492,5000.0,4602.0,759755
1493,5000.0,4632.0,760309
1494,1800.0,4600.0,760710
1495,5000.0,4600.0,761264
1496,5000.0,4600.0,761818
1497,5000.0,4600.0,762372
1498,5000.0,4600.0,762926
1499,5000.0,4630.0,763480
1500,5000.0,4630.0,764034
1501,5000.0,4644.0,764588
1502,5000.0,4644.0,765142
1503,5000.0,4644.0,765696
1504,5000.0,4644.0,766250
1505,2000.0,4614.0,766665
1506,5000.0,4614.0,767219
1507,5000.0,4614.0,767773
1508,5000.0,4614.0,768327
1509,5000.0,4614.0,768881
1510,5000.0,4614.0,769435
1511,5000.0,4614.0,769989
1512,5000.0,4614.0,770543
1513,2400.0,4588.0,770907
1514,5000.0,4600.0,771461
1515,5000.0,4600.0,772015
1516,2800.0,4606.0,772452
1517,5000.0,4606.0,773006
1518,5000.0,4636.0,773560
1519,5000.0,4636.0,774114
1520,5000.0,4652.0,774668
1521,5000.0,4680.0,775222
1522,5000.0,4708.0,775776
1523,5000.0,4728.0,776330
1524,5000.0,4728.0,776884
1525,5000.0,4728.0,777438
1526,5000.0,4728.0,777992
1527,5000.0,4728.0,778546
1528,5000.0,4745.0,779100
1529,5000.0,4745.0,779654
1530,3000.0,4725.0,780029
1531,5000.0,4751.0,780583
1532,5000.0,4751.0,781137
1533,5000.0,4751.0,781691
1534,3300.0,4734.0,782169
1535,5000.0,4734.0,782723
1536,600.0,4690.0,783078
1537,5000.0,4690.0,783632
1538,1900.0,4659.0,783991
1539,5000.0,4659.0,784545
1540,5000.0,4659.0,785099
1541,5000.0,4659.0,785653
1542,5000.0,4659.0,786207
1543,5000.0,4659.0,786761
1544,2000.0,4629.0,787179
1545,5000.0,4629.0,787733
1546,5000.0,4659.0,788287
1547,5000.0,4677.0,788841
1548,2600.0,4653.0,789244
1549,5000.0,4653.0,789798
1550,5000.0,4653.0,790352
1551,5000.0,4653.0,790906
1552,2800.0,4631.0,791252
1553,5000.0,4631.0,791806
1554,5000.0,4631.0,792360
1555,5000.0,4655.0,792914
1556,5000.0,4655.0,793468
1557,1600.0,4621.0,793889
1558,5000.0,4621.0,794443
1559,5000.0,4621.0,794997
1560,5000.0,4621.0,795551
1561,5000.0,4621.0,796105
1562,5000.0,4621.0,796659
1563,5000.0,4621.0,797213
1564,5000.0,4621.0,797767
1565,4800.0,4621.0,798318
1566,5000.0,4621.0,798872
1567,5000.0,4621.0,799426
1568,5000.0,4621.0,799980
1569,5000.0,4621.0,800534
1570,5000.0,4621.0,801088
1571,5000.0,4621.0,801642
1572,5000.0,4621.0,802196
1573,5000.0,4649.0,802750
1574,5000.0,4649.0,803304
1575,5000.0,4649.0,803858
1576,5000.0,4649.0,804412
1577,5000.0,4649.0,804966
1578,5000.0,4649.0,805520
1579,5000.0,4649.0,806074
1580,3100.0,4630.0,806524
1581,5000.0,4647.0,807078
1582,3000.0,4627.0,807519
1583,5000.0,4627.0,808073
1584,4800.0,4625.0,808629
1585,5000.0,4625.0,809183
1586,5000.0,4625.0,809737
1587,1400.0,4589.0,810149
1588,2200.0,4561.0,810565
1589,5000.0,4561.0,811119
1590,5000.0,4561.0,811673
1591,5000.0,4561.0,812227
1592,5000.0,4561.0,812781
1593,2400.0,4535.0,813126
1594,5000.0,4567.0,813680
1595,5000.0,4567.0,814234
1596,5000.0,4567.0,814788
1597,5000.0,4567.0,815342
1598,5000.0,4567.0,815896
1599,1600.0,4533.0,816220
1600,5000.0,4533.0,816774
1601,5000.0,4533.0,817328
1602,5000.0,4533.0,817882
1603,5000.0,4533.0,818436
1604,5000.0,4533.0,818990
1605,5000.0,4563.0,819544
1606,5000.0,4563.0,820098
1607,5000.0,4563.0,820652
1608,5000.0,4563.0,821206
1609,5000.0,4563.0,821760
1610,5000.0,4563.0,822314
1611,5000.0,4563.0,822868
1612,5000.0,4563.0,823422
1613,5000.0,4589.0,823976
1614,5000.0,4589.0,824530
1615,5000.0,4589.0,825084
1616,5000.0,4611.0,825638
1617,5000.0,4611.0,826192
1618,5000.0,4611.0,826746
1619,5000.0,4611.0,827300
1620,5000.0,4611.0,827854
1621,5000.0,4611.0,828408
1622,5000.0,4611.0,828962
1623,5000.0,4611.0,829516
1624,5000.0,4611.0,830070
1625,5000.0,4611.0,830624
1626,1300.0,4574.0,831048
1627,5000.0,4574.0,831602
1628,5000.0,4574.0,832156
1629,2000.0,4544.0,832576
1630,5000.0,4564.0,833130
1631,5000.0,4564.0,833684
1632,2800.0,4542.0,834113
1633,5000.0,4542.0,834667
1634,5000.0,4559.0,835221
1635,5000.0,4559.0,835775
1636,5000.0,4603.0,836329
1637,5000.0,4603.0,836883
1638,5000.0,4634.0,837437
1639,5000.0,4634.0,837991
1640,2600.0,4610.0,838365
1641,5000.0,4610.0,838919
1642,2600.0,4586.0,839271
1643,5000.0,4586.0,839825
1644,2000.0,4586.0,840242
1645,5000.0,4586.0,840796
1646,5000.0,4586.0,841350
1647,5000.0,4586.0,841904
1648,5000.0,4610.0,842458
1649,5000.0,4610.0,843012
1650,3500.0,4595.0,843487
1651,5000.0,4595.0,844041
1652,5000.0,4617.0,844595
1653,5000.0,4617.0,845149
1654,5000.0,4617.0,845703
1655,5000.0,4617.0,846257
1656,5000.0,4617.0,846811
1657,2200.0,4623.0,847237
1658,5000.0,4623.0,847791
1659,5000.0,4623.0,848345
1660,5000.0,4623.0,848899
1661,5000.0,4623.0,849453
1662,2200.0,4595.0,849830
1663,4000.0,4585.0,850263
1664,5000.0,4585.0,850817
1665,5000.0,4587.0,851371
1666,5000.0,4587.0,851925
1667,3700.0,4574.0,852418
1668,5000.0,4574.0,852972
1669,1800.0,4542.0,853370
1670,3900.0,4531.0,853849
1671,5000.0,4531.0,854403
1672,1600.0,4497.0,854752
1673,5000.0,4497.0,855306
1674,5000.0,4497.0,855860
1675,5000.0,4497.0,856414
1676,5000.0,4497.0,856968
1677,5000.0,4497.0,857522
1678,5000.0,4497.0,858076
1679,5000.0,4497.0,858630
1680,5000.0,4516.0,859184
1681,5000.0,4516.0,859738
1682,5000.0,4536.0,860292
1683,5000.0,4536.0,860846
1684,5000.0,4538.0,861400
1685,5000.0,4538.0,861954
1686,5000.0,4538.0,862508
1687,5000.0,4574.0,863062
1688,5000.0,4602.0,863616
1689,5000.0,4602.0,864170
1690,5000.0,4602.0,864724
1691,5000.0,4602.0,865278
1692,4400.0,4596.0,865825
1693,5000.0,4622.0,866379
1694,5000.0,4622.0,866933
1695,5000.0,4622.0,867487
1696,5000.0,4622.0,868041
1697,5000.0,4622.0,868595
1698,5000.0,4622.0,869149
1699,5000.0,4656.0,869703
1700,5000.0,4656.0,870257
1701,4100.0,4647.0,870814
1702,5000.0,4647.0,871368
1703,5000.0,4647.0,871922
1704,5000.0,4647.0,872476
1705,5000.0,4647.0,873030
1706,5000.0,4647.0,873584
1707,5000.0,4647.0,874138
1708,5000.0,4647.0,874692
1709,5000.0,4647.0,875246
1710,5000.0,4647.0,875800
1711,5000.0,4647.0,876354
1712,5000.0,4647.0,876908
1713,2200.0,4619.0,877257
1714,5000.0,4619.0,877811
1715,5000.0,4619.0,878365
1716,5000.0,4619.0,878919
1717,5000.0,4619.0,879473
1718,3000.0,4599.0,879894
1719,2500.0,4574.0,880317
1720,5000.0,4574.0,880871
1721,5000.0,4574.0,881425
1722,5000.0,4574.0,881979
1723,2200.0,4546.0,882404
1724,5000.0,4546.0,882958
1725,4200.0,4538.0,883445
1726,5000.0,4575.0,883999
1727,5000.0,4575.0,884553
1728,5000.0,4575.0,885107
1729,5000.0,4605.0,885661
1730,5000.0,4605.0,886215
1731,5000.0,4605.0,886769
1732,5000.0,4627.0,887323
1733,5000.0,4627.0,887877
1734,5000.0,4627.0,888431
1735,5000.0,4627.0,888985
1736,3800.0,4615.0,889463
1737,5000.0,4615.0,890017
1738,5000.0,4615.0,890571
1739,5000.0,4615.0,891125
1740,5000.0,4639.0,891679
1741,1000.0,4599.0,892050
1742,5000.0,4623.0,892604
1743,5000.0,4623.0,893158
1744,5000.0,4653.0,893712
1745,5000.0,4653.0,894266
1746,3000.0,4633.0,894693
1747,5000.0,4633.0,895247
1748,5000.0,4633.0,895801
1749,5000.0,4633.0,896355
1750,2600.0,4624.0,896779
1751,5000.0,4624.0,897333
1752,5000.0,4624.0,897887
1753,5000.0,4624.0,898441
1754,5000.0,4624.0,898995
1755,5000.0,4624.0,899549
1756,5000.0,4624.0,900103
1757,3400.0,4636.0,900520
1758,5000.0,4636.0,901074
1759,2200.0,4608.0,901490
1760,5000.0,4608.0,902044
1761,3000.0,4588.0,902469
1762,5000.0,4616.0,903023
1763,5000.0,4626.0,903577
1764,5000.0,4626.0,904131
1765,5000.0,4626.0,904685
1766,5000.0,4626.0,905239
1767,2200.0,4611.0,905599
1768,5000.0,4611.0,906153
1769,5000.0,4643.0,906707
1770,5000.0,4654.0,907261
1771,5000.0,4654.0,907815
1772,5000.0,4688.0,908369
1773,4400.0,4682.0,908924
1774,2400.0,4656.0,909270
1775,5000.0,4656.0,909824
1776,5000.0,4656.0,910378
1777,5000.0,4656.0,910932
1778,5000.0,4656.0,911486
1779,5000.0,4656.0,912040
1780,5000.0,4656.0,912594
1781,5000.0,4656.0,913148
1782,5000.0,4656.0,913702
1783,5000.0,4656.0,914256
1784,5000.0,4656.0,914810
1785,5000.0,4656.0,915364
1786,5000.0,4656.0,915918
1787,5000.0,4656.0,916472
1788,5000.0,4656.0,917026
1789,5000.0,4656.0,917580
1790,5000.0,4656.0,918134
1791,2400.0,4630.0,918560
1792,5000.0,4636.0,919114
1793,5000.0,4636.0,919668
1794,5000.0,4636.0,920222
1795,5000.0,4636.0,920776
1796,5000.0,4636.0,921330
1797,5000.0,4636.0,921884
1798,5000.0,4636.0,922438
1799,5000.0,4636.0,922992
1800,5000.0,4636.0,923546
1801,5000.0,4645.0,924100
1802,2200.0,4617.0,924514
1803,5000.0,4617.0,925068
1804,5000.0,4617.0,925622
1805,5000.0,4617.0,926176
1806,600.0,4573.0,926564
1807,5000.0,4573.0,927118
1808,5000.0,4573.0,927672
1809,5000.0,4573.0,928226
1810,5000.0,4573.0,928780
1811,2600.0,4549.0,929158
1812,5000.0,4549.0,929712
1813,5000.0,4577.0,930266
1814,5000.0,4577.0,930820
1815,2200.0,4549.0,931232
1816,5000.0,4549.0,931786
1817,5000.0,4549.0,932340
1818,5000.0,4569.0,932894
1819,5000.0,4594.0,933448
1820,2600.0,4570.0,933872
1821,5000.0,4570.0,934426
1822,5000.0,4570.0,934980
1823,5000.0,4598.0,935534
1824,5000.0,4598.0,936088
1825,5000.0,4606.0,936642
1826,5000.0,4606.0,937196
1827,5000.0,4606.0,937750
1828,5000.0,4606.0,938304
1829,5000.0,4606.0,938858
1830,5000.0,4606.0,939412
1831,5000.0,4606.0,939966
1832,5000.0,4606.0,940520
1833,5000.0,4606.0,941074
1834,5000.0,4606.0,941628
1835,5000.0,4606.0,942182
1836,5000.0,4618.0,942736
1837,5000.0,4618.0,943290
1838,3200.0,4600.0,943723
1839,5000.0,4600.0,944277
1840,5000.0,4600.0,944831
1841,5000.0,4640.0,945385
1842,5000.0,4640.0,945939
1843,5000.0,4640.0,946493
1844,5000.0,4640.0,947047
1845,5000.0,4640.0,947601
1846,5000.0,4660.0,948155
1847,5000.0,4660.0,948709
1848,3000.0,4640.0,949135
1849,3200.0,4622.0,949536
1850,5000.0,4646.0,950090
1851,5000.0,4646.0,950644
1852,5000.0,4646.0,951198
1853,5000.0,4646.0,951752
1854,5000.0,4646.0,952306
1855,5000.0,4646.0,952860
1856,5000.0,4646.0,953414
1857,5000.0,4662.0,953968
1858,5000.0,4662.0,954522
1859,5000.0,4690.0,955076
1860,5000.0,4690.0,955630
1861,5000.0,4710.0,956184
1862,5000.0,4710.0,956738
1863,5000.0,4710.0,957292
1864,5000.0,4710.0,957846
1865,5000.0,4710.0,958400
1866,5000.0,4710.0,958954
1867,5000.0,4738.0,959508
1868,5000.0,4738.0,960062
1869,600.0,4694.0,960465
1870,5000.0,4694.0,961019
1871,5000.0,4694.0,961573
1872,5000.0,4694.0,962127
1873,5000.0,4700.0,962681
1874,5000.0,4726.0,963235
1875,5000.0,4726.0,963789
1876,5000.0,4726.0,964343
1877,5000.0,4726.0,964897
1878,5000.0,4726.0,965451
1879,2600.0,4702.0,965870
1880,5000.0,4702.0,966424
1881,5000.0,4702.0,966978
1882,2800.0,4680.0,967412
1883,5000.0,4680.0,967966
1884,5000.0,4680.0,968520
1885,3000.0,4660.0,968947
1886,5000.0,4660.0,969501
1887,5000.0,4660.0,970055
1888,3600.0,4646.0,970483
1889,800.0,4604.0,970858
1890,5000.0,4604.0,971412
1891,5000.0,4630.0,971966
1892,5000.0,4630.0,972520
1893,5000.0,4630.0,973074
1894,5000.0,4630.0,973628
1895,5000.0,4630.0,974182
1896,5000.0,4630.0,974736
1897,5000.0,4630.0,975290
1898,5000.0,4630.0,975844
1899,3400.0,4614.0,976263
1900,3300.0,4597.0,976695
1901,5000.0,4597.0,977249
1902,3400.0,4609.0,977735
1903,5000.0,4609.0,978289
1904,5000.0,4609.0,978843
1905,5000.0,4609.0,979397
1906,5000.0,4653.0,979951
1907,2200.0,4625.0,980376
1908,5000.0,4625.0,980930
1909,5000.0,4625.0,981484
1910,5000.0,4625.0,982038
1911,5000.0,4649.0,982592
1912,1200.0,4611.0,982978
1913,5000.0,4611.0,983532
1914,5000.0,4611.0,984086
1915,5000.0,4639.0,984640
1916,2400.0,4613.0,985066
1917,5000.0,4613.0,985620
1918,5000.0,4613.0,986174
1919,5000.0,4613.0,986728
1920,5000.0,4637.0,987282
1921,2200.0,4609.0,987704
1922,5000.0,4609.0,988258
1923,4400.0,4603.0,988778
1924,5000.0,4603.0,989332
1925,5000.0,4603.0,989886
1926,5000.0,4603.0,990440
1927,5000.0,4603.0,990994
1928,5000.0,4603.0,991548
1929,5000.0,4603.0,992102
1930,1800.0,4571.0,992460
1931,2400.0,4545.0,992811
1932,5000.0,4545.0,993365
1933,5000.0,4545.0,993919
1934,5000.0,4545.0,994473
1935,5000.0,4545.0,995027
1936,5000.0,4545.0,995581
1937,5000.0,4545.0,996135
1938,5000.0,4563.0,996689
1939,5000.0,4563.0,997243
1940,5000.0,4563.0,997797
1941,5000.0,4563.0,998351
1942,5000.0,4563.0,998905
1943,5000.0,4563.0,999459
1944,5000.0,4563.0,1000013
1945,5000.0,4563.0,1000567
1946,5000.0,4563.0,1001121
1947,3500.0,4548.0,1001596
1948,2200.0,4540.0,1002014
1949,5000.0,4558.0,1002568
1950,2200.0,4530.0,1002989
1951,5000.0,4530.0,1003537
1952,5000.0,4530.0,1004091
1953,5000.0,4530.0,1004639
1954,5000.0,4530.0,1005193
1955,5000.0,4530.0,1005741
1956,5000.0,4530.0,1006295
1957,5000.0,4530.0,1006849
1958,5000.0,4530.0,1007403
1959,5000.0,4530.0,1007957
1960,5000.0,4530.0,1008505
1961,5000.0,4530.0,1009059
1962,5000.0,4530.0,1009607
1963,5000.0,4530.0,1010161
1964,2000.0,4500.0,1010578
1965,5000.0,4500.0,1011126
1966,5000.0,4500.0,1011680
1967,3700.0,4487.0,1012156
1968,2200.0,4459.0,1012500
1969,5000.0,4503.0,1013054
1970,5000.0,4503.0,1013608
1971,5000.0,4503.0,1014156
1972,5000.0,4503.0,1014704
1973,5000.0,4503.0,1015252
1974,1800.0,4471.0,1015606
1975,5000.0,4471.0,1016154
1976,5000.0,4471.0,1016702
1977,5000.0,4471.0,1017250
1978,5000.0,4471.0,1017798
1979,5000.0,4495.0,1018346
1980,5000.0,4495.0,1018894
1981,5000.0,4495.0,1019442
1982,5000.0,4517.0,1019990
1983,5000.0,4517.0,1020538
1984,5000.0,4517.0,1021092
1985,2800.0,4515.0,1021515
1986,5000.0,4515.0,1022063
1987,5000.0,4515.0,1022611
1988,5000.0,4529.0,1023165
1989,5000.0,4571.0,1023719
1990,5000.0,4571.0,1024273
1991,5000.0,4571.0,1024827
1992,5000.0,4571.0,1025381
1993,5000.0,4571.0,1025935
1994,5000.0,4571.0,1026489
1995,2200.0,4543.0,1026903
1996,5000.0,4543.0,1027457
1997,5000.0,4543.0,1028005
1998,5000.0,4543.0,1028559
1999,5000.0,4559.0,1029113
2000,2000.0,4546.0,1029525
2001,5000.0,4546.0,1030079
