episode,score,avg_score,avg_actor_loss,avg_critic_loss,avg_total_loss,steps  taken
0,3180.0,0,0,0,0,928
1,3030.0,3180.0,0,0,0,1776
2,4010.0,3105.0,-1.8169809418730438,1.0378707168115988,-1.2980455834672424,2829
3,3100.0,3406.6666666666665,-1.8169809418730438,1.0378707168115988,-1.2980455834672424,3708
4,2670.0,3330.0,-1.847163679357618,0.9896810042117691,-1.3523231772517337,4472
5,3330.0,3198.0,-1.847163679357618,0.9896810042117691,-1.3523231772517337,5431
6,2340.0,3220.0,-1.6771799236536027,0.8498454433045162,-1.2522572020013443,6203
7,2780.0,3094.285714285714,-1.6771799236536027,0.8498454433045162,-1.2522572020013443,7086
8,3270.0,3055.0,-1.6771799236536027,0.8498454433045162,-1.2522572020013443,8028
9,2400.0,3078.8888888888887,-1.3708182684145869,0.993939269293153,-0.8738486337680103,8808
10,3420.0,3011.0,-1.3708182684145869,0.993939269293153,-0.8738486337680103,9684
11,2450.0,3048.181818181818,-1.7274821211583913,0.9029295265478712,-1.2760173578844556,10530
12,4410.0,2998.3333333333335,-1.7274821211583913,0.9029295265478712,-1.2760173578844556,11658
13,2480.0,3106.923076923077,-1.9677791512571274,1.1042479238476322,-1.4156551893333122,12669
14,2400.0,3062.1428571428573,-1.9677791512571274,1.1042479238476322,-1.4156551893333122,13383
15,3020.0,3018.0,-1.450261270068586,1.0818413359622345,-0.9093406020874687,14457
16,2100.0,3018.125,-1.450261270068586,1.0818413359622345,-0.9093406020874687,15185
17,3510.0,2964.1176470588234,-1.450261270068586,1.0818413359622345,-0.9093406020874687,16096
18,1500.0,2994.4444444444443,-1.862636329047382,1.0993700704990625,-1.3129512937978505,16723
19,2910.0,2915.7894736842104,-1.862636329047382,1.0993700704990625,-1.3129512937978505,17640
20,5030.0,2915.5,-1.793481065891683,0.9846942823577847,-1.3011339247127898,19156
21,2430.0,3016.190476190476,-1.793481065891683,0.9846942823577847,-1.3011339247127898,20316
22,6370.0,2989.5454545454545,-1.8802587367594241,1.1481352751426717,-1.3061910991880878,22031
23,3370.0,3136.521739130435,-2.641638843808323,1.2655930844483354,-2.008842301584154,23019
24,4810.0,3146.25,-2.641638843808323,1.2655930844483354,-2.008842301584154,24399
25,2410.0,3212.8,-2.303465907368809,1.0114375641332987,-1.7977471253021595,25194
26,3160.0,3181.923076923077,-2.303465907368809,1.0114375641332987,-1.7977471253021595,26086
27,3120.0,3181.1111111111113,-1.339038036670536,1.0679856933665683,-0.8050451899872518,27262
28,3440.0,3178.9285714285716,-1.339038036670536,1.0679856933665683,-0.8050451899872518,28199
29,3710.0,3187.9310344827586,-2.117879081238061,0.9770330412598179,-1.629362560608151,29113
30,2500.0,3205.3333333333335,-2.117879081238061,0.9770330412598179,-1.629362560608151,29806
31,2770.0,3182.5806451612902,-1.6079784100875258,1.0017622541105753,-1.1070972830322383,30908
32,2010.0,3169.6875,-1.6079784100875258,1.0017622541105753,-1.1070972830322383,31633
33,3680.0,3134.5454545454545,-1.6079784100875258,1.0017622541105753,-1.1070972830322383,32704
34,3130.0,3150.5882352941176,-2.099170219153166,1.1780761013652417,-1.5101321684705455,33870
35,3200.0,3150.0,-2.099170219153166,1.1780761013652417,-1.5101321684705455,34652
36,3230.0,3151.3888888888887,-1.7367275971919298,0.9391829058105635,-1.2671361442866478,35794
37,3000.0,3153.5135135135133,-1.7367275971919298,0.9391829058105635,-1.2671361442866478,36623
38,3090.0,3149.4736842105262,-2.057937964517623,1.3083230239508379,-1.403776452542204,37600
39,3380.0,3147.948717948718,-2.057937964517623,1.3083230239508379,-1.403776452542204,38540
40,2900.0,3153.75,-1.906791778188199,1.1579727694969235,-1.3278053934397374,39336
41,3270.0,3147.560975609756,-1.906791778188199,1.1579727694969235,-1.3278053934397374,40500
42,3620.0,3150.4761904761904,-1.9596479177940638,1.1667524741507083,-1.3762716807187096,41674
43,3830.0,3161.3953488372094,-1.9596479177940638,1.1667524741507083,-1.3762716807187096,42866
44,3830.0,3176.590909090909,-2.0133708061650397,1.120165381119037,-1.453288115605519,44117
45,3380.0,3191.1111111111113,-1.8423242650926113,1.0314347103602932,-1.3266069099124655,45318
46,3100.0,3195.217391304348,-1.8423242650926113,1.0314347103602932,-1.3266069099124655,46083
47,3100.0,3193.191489361702,-1.8423242650926113,1.0314347103602932,-1.3266069099124655,46869
48,3100.0,3191.25,-1.7998023840598762,1.0534479937842094,-1.2730783871677718,47671
49,3690.0,3189.387755102041,-1.7998023840598762,1.0534479937842094,-1.2730783871677718,48957
50,2160.0,3199.4,-1.6778803746216,1.0446183602910517,-1.155571194476074,49859
51,3300.0,3179.0196078431372,-1.6778803746216,1.0446183602910517,-1.155571194476074,50662
52,3660.0,3181.346153846154,-2.012290236912668,0.9372496462051151,-1.54366541381011,52025
53,2500.0,3190.377358490566,-2.012290236912668,0.9372496462051151,-1.54366541381011,52831
54,2200.0,3177.5925925925926,-1.8526562354993075,1.133082679471411,-1.286114895763601,53512
55,2200.0,3159.818181818182,-1.8526562354993075,1.133082679471411,-1.286114895763601,54273
56,3400.0,3142.6785714285716,-1.8526562354993075,1.133082679471411,-1.286114895763601,55072
57,4100.0,3147.1929824561403,-1.7253891132771968,0.8389346357463807,-1.3059217954040065,56696
58,2800.0,3163.6206896551726,-2.0221239499747754,1.055204684587565,-1.494521607680994,57442
59,3860.0,3157.4576271186443,-2.0221239499747754,1.055204684587565,-1.494521607680994,58609
60,2750.0,3169.1666666666665,-2.156264916434884,1.221913972277649,-1.545307930296059,59541
61,2930.0,3162.2950819672133,-2.156264916434884,1.221913972277649,-1.545307930296059,60728
62,4600.0,3158.548387096774,-2.373168033361435,1.2289612754133903,-1.7586873956547389,61967
63,4500.0,3181.4285714285716,-2.373168033361435,1.2289612754133903,-1.7586873956547389,63279
64,2720.0,3202.03125,-1.9733757190406322,1.0069835284771178,-1.469883954802074,64164
65,2940.0,3194.6153846153848,-1.9733757190406322,1.0069835284771178,-1.469883954802074,65044
66,5500.0,3190.757575757576,-1.8471636682748795,1.1342380158547272,-1.2800446603475153,66319
67,4790.0,3225.223880597015,-1.7248232348822057,1.8532090510881538,-0.798218709338129,67832
68,2200.0,3248.235294117647,-1.7248232348822057,1.8532090510881538,-0.798218709338129,68630
69,3300.0,3233.0434782608695,-1.7248232348822057,1.8532090510881538,-0.798218709338129,69509
70,3200.0,3234.0,-1.823127900250256,0.9488176938147074,-1.348719053342903,70382
71,4080.0,3233.521126760563,-1.8747963924892246,1.154602803599222,-1.2974949906896138,72045
72,3760.0,3245.277777777778,-1.8747963924892246,1.154602803599222,-1.2974949906896138,72948
73,5520.0,3252.328767123288,-2.001155231706798,1.083844850529526,-1.4592328064420357,75050
74,3030.0,3282.972972972973,-2.399365255702287,1.2362352781031967,-1.7812476166506883,76153
75,2620.0,3279.6,-2.399365255702287,1.2362352781031967,-1.7812476166506883,76994
76,4030.0,3270.9210526315787,-1.8330278672277927,1.1552816095768725,-1.2553870624393568,78039
77,3690.0,3280.779220779221,-1.8330278672277927,1.1552816095768725,-1.2553870624393568,79130
78,3200.0,3286.025641025641,-2.1597896104678513,1.1172562228556768,-1.601161499040014,80061
79,3550.0,3284.9367088607596,-2.1597896104678513,1.1172562228556768,-1.601161499040014,81186
80,3370.0,3288.25,-1.7740878468379377,0.9654800450720922,-1.2913478243018912,82269
81,3320.0,3289.259259259259,-1.7740878468379377,0.9654800450720922,-1.2913478243018912,83136
82,2980.0,3289.6341463414633,-1.6345502859912813,1.053968455244164,-1.1075660583692,84346
83,3200.0,3285.9036144578313,-1.6345502859912813,1.053968455244164,-1.1075660583692,85209
84,2510.0,3284.8809523809523,-1.6345502859912813,1.053968455244164,-1.1075660583692,85973
85,4450.0,3275.764705882353,-1.8835051476955413,1.1876178314936852,-1.2896962319486995,87443
86,3650.0,3289.4186046511627,-2.546245931275189,1.3352042226029883,-1.878643819973695,88765
87,3210.0,3293.5632183908046,-2.546245931275189,1.3352042226029883,-1.878643819973695,89621
88,4510.0,3292.6136363636365,-1.9214544339105486,1.0877241599658705,-1.3775923539276138,91069
89,3400.0,3306.2921348314608,-1.9214544339105486,1.0877241599658705,-1.3775923539276138,91936
90,3200.0,3307.3333333333335,-2.063578958529979,0.852471550208808,-1.637343183425574,92733
91,3200.0,3306.153846153846,-2.063578958529979,0.852471550208808,-1.637343183425574,93538
92,3310.0,3305.0,-1.5878543827682734,0.8345766059195805,-1.170566079808483,94427
93,4210.0,3305.05376344086,-1.5878543827682734,0.8345766059195805,-1.170566079808483,95491
94,3530.0,3314.68085106383,-1.9006187265738845,1.0048147926820012,-1.3982113302328838,96460
95,3710.0,3316.9473684210525,-1.9006187265738845,1.0048147926820012,-1.3982113302328838,97472
96,2980.0,3321.0416666666665,-1.7671223709359765,0.9019420093710144,-1.3161513662504691,98415
97,3500.0,3317.5257731958764,-1.7671223709359765,0.9019420093710144,-1.3161513662504691,99397
98,3960.0,3319.387755102041,-1.8619898877106607,1.0697366541477609,-1.327121560636781,100806
99,3170.0,3325.8585858585857,-1.8619898877106607,1.0697366541477609,-1.327121560636781,101720
100,3730.0,3324.3,-2.1483855394646527,1.2485374954074648,-1.52411679176092,102835
101,5000.0,3329.8,-2.0789090316742658,1.0663623993662976,-1.5457278319911152,104644
102,3970.0,3349.5,-2.0789090316742658,1.0663623993662976,-1.5457278319911152,105847
103,5760.0,3349.1,-2.2425164986401795,1.0775350073933592,-1.7037489949435027,107527
104,5130.0,3375.7,-2.190338483545929,1.1420316593069946,-1.6193226538924332,109008
105,3820.0,3400.3,-2.190338483545929,1.1420316593069946,-1.6193226538924332,110079
106,4100.0,3405.2,-2.279529983457178,1.1081098046801507,-1.7254750811171031,111393
107,4360.0,3422.8,-2.0911556114442647,1.0839346807089414,-1.549188271089795,112907
108,4900.0,3438.6,-2.0911556114442647,1.0839346807089414,-1.549188271089795,114470
109,3930.0,3454.9,-2.345472750067711,1.1494639523706476,-1.7707407738823868,115713
110,3340.0,3470.2,-2.345472750067711,1.1494639523706476,-1.7707407738823868,116669
111,4530.0,3469.4,-2.0208095299080013,1.0076247539250205,-1.5169971529454913,117816
112,4150.0,3490.2,-2.0043170511722566,1.325125851435199,-1.341754125454657,118906
113,2000.0,3487.6,-2.0043170511722566,1.325125851435199,-1.341754125454657,119546
114,3440.0,3482.8,-2.0043170511722566,1.325125851435199,-1.341754125454657,120426
115,4960.0,3493.2,-1.8704538983292878,1.147634752236503,-1.296636522211036,121836
116,4380.0,3512.6,-2.258371073845774,1.0098266265058822,-1.753457760592834,122989
117,4250.0,3535.4,-2.258371073845774,1.0098266265058822,-1.753457760592834,123976
118,3470.0,3542.8,-2.258371073845774,1.0098266265058822,-1.753457760592834,124911
119,5700.0,3562.5,-2.152023913897574,0.8886642492925306,-1.7076917892513088,126291
120,4080.0,3590.4,-2.4440401449799536,1.1548750835208237,-1.8666026032195426,127561
121,4330.0,3580.9,-2.4440401449799536,1.1548750835208237,-1.8666026032195426,128952
122,2540.0,3599.9,-2.2115873392671346,0.9992431777911545,-1.7119657503715573,130038
123,3060.0,3561.6,-1.8874160408973695,1.2343777254163857,-1.2702271781891765,131122
124,2820.0,3558.5,-1.8874160408973695,1.2343777254163857,-1.2702271781891765,131982
125,3320.0,3538.6,-1.8874160408973695,1.2343777254163857,-1.2702271781891765,132893
126,3560.0,3547.7,-1.7975170883350073,1.0651386141411243,-1.2649477812644456,133754
127,3760.0,3551.7,-1.7975170883350073,1.0651386141411243,-1.2649477812644456,134714
128,3700.0,3558.1,-1.782889693789184,0.8719800232134111,-1.346899682182479,135821
129,3680.0,3560.7,-1.782889693789184,0.8719800232134111,-1.346899682182479,136992
130,4100.0,3560.4,-2.1537323458120228,1.0160298557866654,-1.645717417918691,137976
131,4510.0,3576.4,-2.1537323458120228,1.0160298557866654,-1.645717417918691,139013
132,2900.0,3593.8,-1.960542024485767,0.9418659483545022,-1.4896090503085166,139811
133,3400.0,3602.7,-1.960542024485767,0.9418659483545022,-1.4896090503085166,140681
134,4180.0,3599.9,-1.9929518210701644,1.0752500118548893,-1.4553268151427197,141981
135,3650.0,3610.4,-1.9929518210701644,1.0752500118548893,-1.4553268151427197,143058
136,5980.0,3614.9,-2.173174463585019,0.9575824518974076,-1.6943832376363144,144689
137,3710.0,3642.4,-2.579320984520018,1.1631034447729232,-1.9977692621335563,145672
138,4820.0,3649.5,-2.579320984520018,1.1631034447729232,-1.9977692621335563,147380
139,2470.0,3666.8,-2.2781497704796494,1.1936076108054674,-1.6813459650769151,148459
140,3320.0,3657.7,-2.2781497704796494,1.1936076108054674,-1.6813459650769151,149336
141,4980.0,3661.9,-1.88485555537045,1.0122226152400093,-1.378744247750445,150917
142,4030.0,3679.0,-1.755433265864849,2.5163374772418847,-0.49726452724390774,152121
143,2810.0,3683.1,-1.755433265864849,2.5163374772418847,-0.49726452724390774,152965
144,5180.0,3672.9,-2.1506276740692556,1.1743970264956993,-1.5634291608214061,154566
145,3790.0,3686.4,-2.1506276740692556,1.1743970264956993,-1.5634291608214061,155471
146,4210.0,3690.5,-2.09529576478526,1.043500186358556,-1.5735456716059821,157127
147,3540.0,3701.6,-2.309668256249279,1.0225954007374591,-1.7983705558805485,158400
148,3540.0,3706.0,-2.309668256249279,1.0225954007374591,-1.7983705558805485,159338
149,3470.0,3710.4,-2.479578253533691,1.1967675167199707,-1.881194495173704,160305
150,5690.0,3708.2,-2.5151921277865767,0.9222608917361768,-2.0540616819184883,161837
151,3470.0,3743.5,-2.5151921277865767,0.9222608917361768,-2.0540616819184883,163070
152,3740.0,3745.2,-1.956471314560622,0.9031616624523569,-1.5048904833344425,164245
153,6670.0,3746.0,-2.4708221862092614,0.9950190074075842,-1.97331268250547,166407
154,4290.0,3787.7,-2.4708221862092614,0.9950190074075842,-1.97331268250547,167586
155,4720.0,3808.6,-2.2440557807683943,0.937871290395743,-1.7751201355705226,168717
156,6300.0,3833.8,-2.359407077729702,1.0101829741120758,-1.854315590673663,170538
157,4700.0,3862.8,-2.359407077729702,1.0101829741120758,-1.854315590673663,171679
158,3010.0,3868.8,-2.4263853834010662,1.017125151232467,-1.9178228077848338,172467
159,4410.0,3870.9,-2.4263853834010662,1.017125151232467,-1.9178228077848338,173704
160,4640.0,3876.4,-1.944137702230364,0.9331798771661741,-1.4775477636472776,175131
161,3000.0,3895.3,-1.944137702230364,0.9331798771661741,-1.4775477636472776,175999
162,3850.0,3896.0,-1.9176612588576973,1.064519249898956,-1.3854016339082196,177039
163,3730.0,3888.5,-1.9176612588576973,1.064519249898956,-1.3854016339082196,178049
164,3600.0,3880.8,-1.9381998972967267,1.0403017383832383,-1.418049028105108,178901
165,4920.0,3889.6,-1.9478611839935183,0.8646638457807121,-1.515529261103162,180581
166,3830.0,3909.4,-1.9478611839935183,0.8646638457807121,-1.515529261103162,181528
167,4280.0,3892.7,-2.108924157731235,0.8808052514609652,-1.6685215320007523,182547
168,3580.0,3887.6,-2.108924157731235,0.8808052514609652,-1.6685215320007523,183449
169,2520.0,3901.4,-2.108924157731235,0.8808052514609652,-1.6685215320007523,184214
170,3960.0,3893.6,-1.894540749490261,1.0622653492822054,-1.363408074849158,185387
171,3400.0,3901.2,-1.894540749490261,1.0622653492822054,-1.363408074849158,186315
172,4440.0,3894.4,-2.031056469399482,0.9838127028982677,-1.539150117950348,187466
173,4470.0,3901.2,-2.1258359317667783,1.0749829458516613,-1.5883444588409472,188868
174,4550.0,3890.7,-2.1258359317667783,1.0749829458516613,-1.5883444588409472,190053
175,4320.0,3905.9,-2.4306962941773236,1.217150235849601,-1.8221211762525233,191190
176,5810.0,3922.9,-2.228221948444843,1.4614257667418973,-1.4975090650738951,192515
177,3100.0,3940.7,-2.228221948444843,1.4614257667418973,-1.4975090650738951,193362
178,2100.0,3934.8,-2.228221948444843,1.4614257667418973,-1.4975090650738951,194085
179,3630.0,3923.8,-1.8539858374744653,0.9645233935934943,-1.3717241406777183,194954
180,4060.0,3924.6,-1.8539858374744653,0.9645233935934943,-1.3717241406777183,196268
181,4240.0,3931.5,-2.1162248289212586,1.0210455238499416,-1.6057020669962874,197502
182,3590.0,3940.7,-2.4960785729810597,1.0893860259958017,-1.9513855599831573,198812
183,3850.0,3946.8,-2.4960785729810597,1.0893860259958017,-1.9513855599831573,200121
184,2360.0,3953.3,-2.1491579562425613,1.2150011153543858,-1.5416573985653694,201064
185,4210.0,3951.8,-2.1491579562425613,1.2150011153543858,-1.5416573985653694,202376
186,2580.0,3949.4,-1.7013264760375022,0.9752560337209639,-1.2136984591770204,203324
187,4150.0,3938.7,-1.7013264760375022,0.9752560337209639,-1.2136984591770204,204391
188,3230.0,3948.1,-1.9879129406064748,0.964189867000807,-1.5058180071060705,205329
189,4440.0,3935.3,-2.055860151909292,1.12378746261857,-1.4939664206000074,206938
190,2300.0,3945.7,-2.055860151909292,1.12378746261857,-1.4939664206000074,207604
191,4860.0,3936.7,-2.055860151909292,1.12378746261857,-1.4939664206000074,208794
192,4950.0,3953.3,-1.7106421293690801,1.0788145983249513,-1.1712348302066053,210181
193,3380.0,3969.7,-2.439749978017062,1.03090236657318,-1.9242987947304713,211224
194,3220.0,3961.4,-2.439749978017062,1.03090236657318,-1.9242987947304713,212110
195,3180.0,3958.3,-1.5628931963816286,1.1890000288797884,-0.968393181941735,213016
196,1600.0,3953.0,-1.5628931963816286,1.1890000288797884,-0.968393181941735,213646
197,1900.0,3939.2,-1.5628931963816286,1.1890000288797884,-0.968393181941735,214282
198,1690.0,3923.2,-1.3329334571026266,1.1593695469918264,-0.7532486836067132,215099
199,2730.0,3900.5,-1.3329334571026266,1.1593695469918264,-0.7532486836067132,215978
200,3930.0,3896.1,-1.3329334571026266,1.1593695469918264,-0.7532486836067132,217052
201,3640.0,3898.1,-1.8565782229416072,0.9501963933288089,-1.381480026277202,217986
202,3930.0,3884.5,-1.8565782229416072,0.9501963933288089,-1.381480026277202,218872
203,3210.0,3884.1,-1.7461809119209648,0.9925137767078617,-1.2499240235670326,219746
204,3910.0,3858.6,-1.7461809119209648,0.9925137767078617,-1.2499240235670326,220787
205,2000.0,3846.4,-1.7326709235087037,1.1088997094718578,-1.178221068772774,221488
206,6520.0,3828.2,-2.032445661816746,1.3415552420561103,-1.3616680407886899,223766
207,3060.0,3852.4,-2.032445661816746,1.3415552420561103,-1.3616680407886899,224734
208,4130.0,3839.4,-2.345257118437439,1.309557886787466,-1.690478175043705,226030
209,4230.0,3831.7,-2.0612197597511113,1.0980570043523197,-1.5121912575749517,227505
210,4320.0,3834.7,-2.0612197597511113,1.0980570043523197,-1.5121912575749517,228645
211,5690.0,3844.5,-2.0026886977255343,1.0035445543356079,-1.5009164205577303,230328
212,3110.0,3856.1,-2.0026886977255343,1.0035445543356079,-1.5009164205577303,231234
213,2120.0,3845.7,-1.5605727178044617,1.6329108174538898,-0.7441173090775172,231981
214,3730.0,3846.9,-1.5605727178044617,1.6329108174538898,-0.7441173090775172,233054
215,3630.0,3849.8,-1.7049735827371477,1.0001061236886395,-1.204920520892827,234108
216,3770.0,3836.5,-1.7049735827371477,1.0001061236886395,-1.204920520892827,235120
217,4220.0,3830.4,-2.1596052661538123,1.0517827542511975,-1.6337138890282141,236193
218,3420.0,3830.1,-2.1596052661538123,1.0517827542511975,-1.6337138890282141,237090
219,1700.0,3829.6,-1.7484428423456848,0.9563330509141725,-1.2702763168885984,237689
220,3440.0,3789.6,-1.7484428423456848,0.9563330509141725,-1.2702763168885984,238552
221,2900.0,3783.2,-1.7484428423456848,0.9563330509141725,-1.2702763168885984,239381
222,3570.0,3768.9,-1.6402484122663736,1.099313067522984,-1.090591878504882,240416
223,3540.0,3779.2,-1.6402484122663736,1.099313067522984,-1.090591878504882,241394
224,3920.0,3784.0,-2.003946758341044,0.9584022638277675,-1.5247456264271602,242403
225,2920.0,3795.0,-2.003946758341044,0.9584022638277675,-1.5247456264271602,243294
226,2690.0,3791.0,-1.879779776930809,1.264118773351933,-1.2477203902548417,244208
227,4600.0,3782.3,-1.879779776930809,1.264118773351933,-1.2477203902548417,245540
228,2800.0,3790.7,-1.7933209255337714,1.2570999068326247,-1.164770972117458,246401
229,2970.0,3781.7,-1.7933209255337714,1.2570999068326247,-1.164770972117458,247260
230,2510.0,3774.6,-1.9122015070170164,1.1008049962832716,-1.3617990088753804,247996
231,3550.0,3758.7,-1.9122015070170164,1.1008049962832716,-1.3617990088753804,248887
232,1600.0,3749.1,-1.9122015070170164,1.1008049962832716,-1.3617990088753804,249467
233,4480.0,3736.1,-1.7429995981045068,0.9206029675928289,-1.2826981143080924,250706
234,2630.0,3746.9,-1.7429995981045068,0.9206029675928289,-1.2826981143080924,251510
235,3870.0,3731.4,-2.101873113028705,1.0718926891955238,-1.565926768430943,252490
236,3680.0,3733.6,-2.101873113028705,1.0718926891955238,-1.565926768430943,253532
237,6210.0,3710.6,-1.9553339102305471,1.0448055761859951,-1.43293112213755,254805
238,2020.0,3735.6,-1.9553339102305471,1.0448055761859951,-1.43293112213755,255456
239,3050.0,3707.6,-1.666916069574654,1.6436793688793998,-0.8450763851349545,256578
240,5510.0,3713.4,-1.666916069574654,1.6436793688793998,-0.8450763851349545,257952
241,2980.0,3735.3,-1.6765115858986974,1.8112886422282912,-0.7708672647845518,258941
242,4680.0,3715.3,-1.9445773805491626,1.4080866260854403,-1.2405340675064433,260376
243,5110.0,3721.8,-1.9445773805491626,1.4080866260854403,-1.2405340675064433,261887
244,2980.0,3744.8,-1.6928349683061241,1.8812155919586466,-0.7522271723268011,263105
245,2630.0,3722.8,-1.6928349683061241,1.8812155919586466,-0.7522271723268011,263928
246,2820.0,3711.2,-2.1254268840886654,1.3314437514341422,-1.4597050083715946,265130
247,3430.0,3697.3,-1.9103859503753484,1.1463856969980228,-1.3371931018763374,266484
248,2270.0,3696.2,-1.9103859503753484,1.1463856969980228,-1.3371931018763374,267442
249,2720.0,3683.5,-1.9103859503753484,1.1463856969980228,-1.3371931018763374,268233
250,4030.0,3676.0,-2.033296393416822,1.2144585543760997,-1.4260671162287717,269282
251,3010.0,3659.4,-2.033296393416822,1.2144585543760997,-1.4260671162287717,270151
252,3220.0,3654.8,-2.1130356382578612,1.210718152524966,-1.5076765619953791,271084
253,1300.0,3649.6,-2.1130356382578612,1.210718152524966,-1.5076765619953791,271633
254,1600.0,3595.9,-2.1130356382578612,1.210718152524966,-1.5076765619953791,272225
255,2860.0,3569.0,-1.5643511347472667,1.2364038310648007,-0.9461492192148651,273058
256,4950.0,3550.4,-2.099843086116016,1.2139960732990525,-1.492845049466489,274698
257,3970.0,3536.9,-2.099843086116016,1.2139960732990525,-1.492845049466489,276138
258,5010.0,3529.6,-2.1900530936196447,1.09411320740294,-1.6429964899181755,278237
259,4730.0,3549.6,-2.1936182838864626,1.1335255647067046,-1.6268555015331105,280136
260,3510.0,3552.8,-2.1746653779409826,1.1430417114740978,-1.6031445222039342,281482
261,5040.0,3541.5,-2.248531903326511,1.2056320989685938,-1.6457158538422143,283133
262,3450.0,3561.9,-2.248531903326511,1.2056320989685938,-1.6457158538422143,284174
263,3290.0,3557.9,-2.240659094136208,1.0908309811683587,-1.6952436035520286,285093
264,2680.0,3553.5,-2.240659094136208,1.0908309811683587,-1.6952436035520286,285909
265,2680.0,3544.3,-1.7286024764180183,1.2062495423609079,-1.1254777052375644,286727
266,4210.0,3521.9,-1.7286024764180183,1.2062495423609079,-1.1254777052375644,288107
267,4160.0,3525.7,-2.216436411533505,0.9838826390887986,-1.7244950919891053,289172
268,3410.0,3524.5,-2.216436411533505,0.9838826390887986,-1.7244950919891053,290172
269,3390.0,3522.8,-1.8830388601869346,1.1060163110664631,-1.3300307046537028,291039
270,3010.0,3531.5,-1.8830388601869346,1.1060163110664631,-1.3300307046537028,292124
271,2570.0,3522.0,-2.142577491234988,0.9400547966494315,-1.6725500929102732,292925
272,3700.0,3513.7,-2.142577491234988,0.9400547966494315,-1.6725500929102732,293833
273,2230.0,3506.3,-2.142577491234988,0.9400547966494315,-1.6725500929102732,294598
274,2310.0,3483.9,-1.8792647239752114,0.94079317117743,-1.4088681383864965,295322
275,2410.0,3461.5,-1.8792647239752114,0.94079317117743,-1.4088681383864965,296040
276,2110.0,3442.4,-1.8792647239752114,0.94079317117743,-1.4088681383864965,296760
277,1900.0,3405.4,-1.7144118423573673,1.2205808360013148,-1.1041214243567092,297382
278,2160.0,3393.4,-1.7144118423573673,1.2205808360013148,-1.1041214243567092,298283
279,4460.0,3394.0,-2.3501447392627597,1.0942916798860538,-1.8029988993197321,299491
280,2310.0,3402.3,-2.3501447392627597,1.0942916798860538,-1.8029988993197321,300185
281,1800.0,3384.8,-2.3501447392627597,1.0942916798860538,-1.8029988993197321,300828
282,2440.0,3360.4,-1.6218785056844354,1.0175861304797216,-1.1130854404445738,301650
283,3520.0,3348.9,-1.6218785056844354,1.0175861304797216,-1.1130854404445738,302485
284,2930.0,3345.6,-2.2405367215164005,1.1335344613293967,-1.6737694908517025,303403
285,3970.0,3351.3,-2.2405367215164005,1.1335344613293967,-1.6737694908517025,304548
286,4090.0,3348.9,-2.4435730626806618,1.1138959823203254,-1.8866250715205002,305877
287,2100.0,3364.0,-2.4435730626806618,1.1138959823203254,-1.8866250715205002,306543
288,1930.0,3343.5,-1.6979718375951052,1.231970983987063,-1.0819863456015724,307247
289,2100.0,3330.5,-1.6979718375951052,1.231970983987063,-1.0819863456015724,307904
290,2410.0,3307.1,-1.6979718375951052,1.231970983987063,-1.0819863456015724,308707
291,1200.0,3308.2,-1.6979718375951052,1.231970983987063,-1.0819863456015724,309228
292,2770.0,3271.6,-1.2357901349663734,1.055541629267744,-0.708019320332501,310360
293,3340.0,3249.8,-2.376844966970384,1.7081895644811964,-1.5227501847297857,311383
294,1830.0,3249.4,-2.376844966970384,1.7081895644811964,-1.5227501847297857,312108
295,3300.0,3235.5,-2.376844966970384,1.7081895644811964,-1.5227501847297857,313246
296,2710.0,3236.7,-1.6662693934515118,1.1242150427006905,-1.1041618721011672,314050
297,3010.0,3247.8,-1.6662693934515118,1.1242150427006905,-1.1041618721011672,315274
298,1400.0,3258.9,-2.0456690228544177,1.2914948955153973,-1.3999215750967189,315897
299,2890.0,3256.0,-2.0456690228544177,1.2914948955153973,-1.3999215750967189,316947
300,2060.0,3257.6,-2.125509058497846,1.4082617515771776,-1.4213781827092582,317652
301,1770.0,3238.9,-2.125509058497846,1.4082617515771776,-1.4213781827092582,318612
302,5980.0,3220.2,-1.9087089159525932,1.7253378186232116,-1.0460400066409874,319864
303,2820.0,3240.7,-1.9087089159525932,1.7253378186232116,-1.0460400066409874,321045
304,900.0,3236.8,-1.9087089159525932,1.7253378186232116,-1.0460400066409874,321525
305,5270.0,3206.7,-1.7940043026581407,1.10212876924026,-1.2429399180380105,322953
306,3530.0,3239.4,-2.427294070646167,1.0923625782572974,-1.8811127815175184,323926
307,2610.0,3209.5,-2.427294070646167,1.0923625782572974,-1.8811127815175184,324736
308,2560.0,3205.0,-2.427294070646167,1.0923625782572974,-1.8811127815175184,325560
309,1900.0,3189.3,-1.6977759764529765,1.173744987707217,-1.1109034825993678,326203
310,3700.0,3166.0,-1.6977759764529765,1.173744987707217,-1.1109034825993678,327581
311,2510.0,3159.8,-1.8968956692144274,1.2062508654513227,-1.2937702364887662,328310
312,2100.0,3128.0,-1.8968956692144274,1.2062508654513227,-1.2937702364887662,328938
313,3720.0,3117.9,-1.6757166838273405,1.065180453380962,-1.14312645713686,329990
314,2070.0,3133.9,-1.6757166838273405,1.065180453380962,-1.14312645713686,330696
315,2600.0,3117.3,-1.6757166838273405,1.065180453380962,-1.14312645713686,331445
316,2200.0,3107.0,-1.7856601528823375,1.0753627616478423,-1.2479787720584175,332118
317,3370.0,3091.3,-1.7856601528823375,1.0753627616478423,-1.2479787720584175,333553
318,1400.0,3082.8,-2.0016810581088067,1.1208392235810432,-1.441261446318285,334087
319,3030.0,3062.6,-2.0016810581088067,1.1208392235810432,-1.441261446318285,335100
320,1700.0,3075.9,-2.0016810581088067,1.1208392235810432,-1.441261446318285,335705
321,2000.0,3058.5,-1.7994326803833247,0.976098910628776,-1.3113832250689375,336331
322,4400.0,3049.5,-1.7994326803833247,0.976098910628776,-1.3113832250689375,337427
323,4720.0,3057.8,-1.8834462078288197,1.1118544074382846,-1.3275190041096774,339037
324,4670.0,3069.6,-2.3956709265708924,1.1288849964738703,-1.8312284283339573,340559
325,2280.0,3077.1,-2.3956709265708924,1.1288849964738703,-1.8312284283339573,341297
326,2730.0,3070.7,-2.139971622219309,1.0437284638899276,-1.6181073902743441,342212
327,3450.0,3071.1,-2.139971622219309,1.0437284638899276,-1.6181073902743441,343312
328,3670.0,3059.6,-1.9190944861620665,0.9013807741656045,-1.468404099079264,344342
329,2740.0,3068.3,-1.9190944861620665,0.9013807741656045,-1.468404099079264,345155
330,1750.0,3066.0,-1.9190944861620665,0.9013807741656045,-1.468404099079264,345803
331,3170.0,3058.4,-1.9985071213915944,1.0802261688458314,-1.4583940369686785,346745
332,1500.0,3054.6,-1.9985071213915944,1.0802261688458314,-1.4583940369686785,347279
333,3940.0,3053.6,-2.035538246948272,1.1117903839736312,-1.4796430549614552,348611
334,3840.0,3048.2,-2.035538246948272,1.1117903839736312,-1.4796430549614552,349827
335,2960.0,3060.3,-2.139789742231369,1.090506834083246,-1.5945363251897464,350666
336,4250.0,3051.2,-2.359271691925824,1.1573406897676377,-1.780601347042006,352490
337,3950.0,3056.9,-2.359271691925824,1.1573406897676377,-1.780601347042006,353748
338,3150.0,3034.3,-2.033742723055184,1.073027795409599,-1.497228825350384,354734
339,4340.0,3045.6,-2.033742723055184,1.073027795409599,-1.497228825350384,356323
340,2080.0,3058.5,-2.1916324185207485,0.9574260333426725,-1.7129194018494107,357089
341,2740.0,3024.2,-2.1916324185207485,0.9574260333426725,-1.7129194018494107,357927
342,4650.0,3021.8,-1.9099158319178968,0.9993777923067532,-1.410226935764521,359670
343,4430.0,3021.5,-2.5178675996139646,1.0985339538444858,-1.9686006226917219,361076
344,3990.0,3014.7,-2.5178675996139646,1.0985339538444858,-1.9686006226917219,362223
345,3350.0,3024.8,-2.0216235535219313,1.0177535093314805,-1.5127467988561905,363287
346,2830.0,3032.0,-2.0216235535219313,1.0177535093314805,-1.5127467988561905,364069
347,2510.0,3032.1,-1.999859084095806,1.1477353529192245,-1.4259914076361933,364788
348,4600.0,3022.9,-1.999859084095806,1.1477353529192245,-1.4259914076361933,366356
349,2750.0,3046.2,-2.193976105749607,0.9799317861226621,-1.7040102126882766,367248
350,3700.0,3046.5,-2.193976105749607,0.9799317861226621,-1.7040102126882766,368272
351,1900.0,3043.2,-1.9341076123528183,1.0113957552776602,-1.4284097347139884,368884
352,3620.0,3032.1,-1.9341076123528183,1.0113957552776602,-1.4284097347139884,369843
353,2550.0,3036.1,-2.0552421499975027,1.0089740080066494,-1.5507551459941773,370759
354,2730.0,3048.6,-2.0552421499975027,1.0089740080066494,-1.5507551459941773,371687
355,2800.0,3059.9,-2.0552421499975027,1.0089740080066494,-1.5507551459941773,372654
356,2620.0,3059.3,-2.0838728681206704,1.2233787150162505,-1.4721835106125452,373408
357,2000.0,3036.0,-2.0838728681206704,1.2233787150162505,-1.4721835106125452,374083
358,4010.0,3016.3,-1.689232666324824,1.0021554364990093,-1.188154948075319,375176
359,2180.0,3006.3,-1.689232666324824,1.0021554364990093,-1.188154948075319,375925
360,3940.0,2980.8,-2.0128412374295293,1.2051495337498965,-1.4102664705545815,377203
361,2370.0,2985.1,-2.0128412374295293,1.2051495337498965,-1.4102664705545815,378019
362,2910.0,2958.4,-2.077126900292933,1.1953229114158577,-1.4794654445850044,378925
363,2970.0,2953.0,-2.077126900292933,1.1953229114158577,-1.4794654445850044,379886
364,3430.0,2949.8,-2.077126900292933,1.1953229114158577,-1.4794654445850044,380882
365,2100.0,2957.3,-1.9057830541394651,1.2339242679657993,-1.2888209201565652,381516
366,5680.0,2951.5,-2.260234711691737,1.1150570935869546,-1.7027061648982609,383345
367,4670.0,2966.2,-2.260234711691737,1.1150570935869546,-1.7027061648982609,384871
368,2820.0,2971.3,-2.1744691835716368,1.0644473877004912,-1.642245489721392,385717
369,2570.0,2965.4,-2.1744691835716368,1.0644473877004912,-1.642245489721392,386901
370,2170.0,2957.2,-2.091236777137965,0.9916827175005809,-1.5953954183876757,387819
371,3600.0,2948.8,-2.091236777137965,0.9916827175005809,-1.5953954183876757,388906
372,2920.0,2959.1,-2.1377374732866885,1.054731831555889,-1.6103715575087434,389806
373,3000.0,2951.3,-2.1377374732866885,1.054731831555889,-1.6103715575087434,390915
374,2840.0,2959.0,-1.929448621161282,0.9986124210117531,-1.4301424106554061,391877
375,2730.0,2964.3,-1.929448621161282,0.9986124210117531,-1.4301424106554061,392981
376,1600.0,2967.5,-2.264926173724234,1.2092341522111707,-1.6603090976186485,393605
377,4470.0,2962.4,-2.264926173724234,1.2092341522111707,-1.6603090976186485,395101
378,2630.0,2988.1,-2.4268760896287858,1.1631699910571387,-1.8452910941002163,396239
379,3600.0,2992.8,-2.2496552406810224,1.4213277620538778,-1.5389913596540836,397561
380,4110.0,2984.2,-2.2496552406810224,1.4213277620538778,-1.5389913596540836,399001
381,4360.0,3002.2,-2.473411690723151,0.9769792858590431,-1.9849220477936291,400337
382,3830.0,3027.8,-2.763964778278023,1.1755810285061155,-2.176174264024965,401490
383,2740.0,3041.7,-2.763964778278023,1.1755810285061155,-2.176174264024965,402703
384,1800.0,3033.9,-2.763964778278023,1.1755810285061155,-2.176174264024965,403295
385,2940.0,3022.6,-1.9033671195618809,1.0422831445904266,-1.3822255472666676,404391
386,3820.0,3012.3,-2.3093809235841034,1.5016677698709522,-1.5585470386486284,405806
387,2820.0,3009.6,-2.3093809235841034,1.5016677698709522,-1.5585470386486284,406717
388,2110.0,3016.8,-2.3093809235841034,1.5016677698709522,-1.5585470386486284,407451
389,2700.0,3018.6,-1.9114184511825443,1.3136511440001386,-1.2545928791824743,408298
390,2180.0,3024.6,-1.9114184511825443,1.3136511440001386,-1.2545928791824743,409437
391,3070.0,3022.3,-1.83792714625597,1.0518904137449714,-1.3119819393834842,410509
392,3230.0,3041.0,-1.83792714625597,1.0518904137449714,-1.3119819393834842,411551
393,2150.0,3045.6,-1.9501145528629422,1.1545921424379693,-1.372818481643958,412448
394,2030.0,3033.7,-1.9501145528629422,1.1545921424379693,-1.372818481643958,413142
395,1960.0,3035.7,-1.8671367712318898,1.0530806053060986,-1.34059646857884,413898
396,2780.0,3022.3,-1.8671367712318898,1.0530806053060986,-1.34059646857884,414961
397,2380.0,3023.0,-1.8987214264459908,1.2604249136007026,-1.26850896964564,416083
398,3830.0,3016.7,-1.8987214264459908,1.2604249136007026,-1.26850896964564,417499
399,3300.0,3041.0,-2.2252547305077313,1.2642792645016325,-1.5931150982569136,418728
400,3770.0,3045.1,-2.438959002867341,1.2102725885645882,-1.8338227085850476,420012
401,3400.0,3062.2,-2.438959002867341,1.2102725885645882,-1.8338227085850476,421050
402,2610.0,3078.5,-2.438959002867341,1.2102725885645882,-1.8338227085850476,421853
403,2850.0,3044.8,-2.1691358679905535,1.171881966240353,-1.5831948848703772,422960
404,2780.0,3045.1,-2.1691358679905535,1.171881966240353,-1.5831948848703772,423884
405,3450.0,3063.9,-2.0248659098520876,1.0662769882916838,-1.491727415706246,425215
406,4140.0,3045.7,-2.1460354110691697,1.1752461707541884,-1.5584123256920754,426978
407,2230.0,3051.8,-2.379774004034698,1.610792289000988,-1.5743778595342035,428180
408,2180.0,3048.0,-2.379774004034698,1.610792289000988,-1.5743778595342035,429135
409,3540.0,3044.2,-2.0684820476919414,1.2701968340315286,-1.433383630676177,430424
410,1500.0,3060.6,-2.0684820476919414,1.2701968340315286,-1.433383630676177,431079
411,2750.0,3038.6,-2.0684820476919414,1.2701968340315286,-1.433383630676177,431993
412,2820.0,3041.0,-1.787851376645267,1.4196553451778962,-1.0780237040563188,433208
413,5470.0,3048.2,-1.9850678500719368,2.021044781866005,-0.9745454591389355,434463
414,2520.0,3065.7,-1.9850678500719368,2.021044781866005,-0.9745454591389355,435279
415,4020.0,3070.2,-2.05687874276191,1.2725644892285275,-1.4205964981476462,436696
416,2220.0,3084.4,-2.05687874276191,1.2725644892285275,-1.4205964981476462,437854
417,2140.0,3084.6,-2.378089267294854,1.424127011585286,-1.6660257615022112,438825
418,3700.0,3072.3,-2.378089267294854,1.424127011585286,-1.6660257615022112,439964
419,2970.0,3095.3,-2.2563435578718782,1.1169991578504146,-1.6978439789466706,440955
420,3590.0,3094.7,-2.098072666488588,1.1064906969930746,-1.5448273179920502,442857
421,3720.0,3113.6,-2.098072666488588,1.1064906969930746,-1.5448273179920502,444415
422,1750.0,3130.8,-2.2973165453411637,1.7224237389601427,-1.4361046758610925,445488
423,2990.0,3104.3,-1.8521307166665792,1.342172313625611,-1.1810445598537742,446575
424,2630.0,3087.0,-1.8521307166665792,1.342172313625611,-1.1810445598537742,447468
425,2270.0,3066.6,-2.1220826958306134,1.2452717339206767,-1.4994468288702747,448865
426,3380.0,3066.5,-2.1220826958306134,1.2452717339206767,-1.4994468288702747,450462
427,2400.0,3073.0,-2.168901538196951,1.3006190226869014,-1.5185920268535007,451848
428,2180.0,3062.5,-2.080398993194103,1.48150946758408,-1.339644259402063,452659
429,4090.0,3047.6,-2.2245277483016253,1.3613093792771653,-1.543873058663043,454815
430,2430.0,3061.1,-2.2245277483016253,1.3613093792771653,-1.543873058663043,455614
431,2430.0,3067.9,-2.2245277483016253,1.3613093792771653,-1.543873058663043,456551
432,2300.0,3060.5,-1.7311431884765625,1.098058794753987,-1.1821137910995694,457242
433,2800.0,3068.5,-1.7311431884765625,1.098058794753987,-1.1821137910995694,457991
434,2910.0,3057.1,-1.7268451547250152,0.9601309223374367,-1.246779693556297,458987
435,3580.0,3047.8,-1.7268451547250152,0.9601309223374367,-1.246779693556297,460002
436,3890.0,3054.0,-2.2024848137050865,1.1553033407930582,-1.6248331433085579,461699
437,2740.0,3050.4,-2.0407445467077197,1.3560482447629902,-1.3627204243262245,462902
438,3230.0,3038.3,-2.0407445467077197,1.3560482447629902,-1.3627204243262245,464530
439,3150.0,3039.1,-2.3593091861344875,1.427281658482348,-1.6456683568933148,466138
440,2220.0,3027.2,-2.0824223197996616,1.3580555190971293,-1.403394560251096,467181
441,2980.0,3028.6,-2.0824223197996616,1.3580555190971293,-1.403394560251096,468274
442,2120.0,3031.0,-2.007636540662497,1.2484763445968685,-1.383398368364062,469326
443,2980.0,3005.7,-2.007636540662497,1.2484763445968685,-1.383398368364062,470625
444,3730.0,2991.2,-1.7162105733528734,1.0636485198997423,-1.1843863134030026,471715
445,2980.0,2988.6,-1.7162105733528734,1.0636485198997423,-1.1843863134030026,472766
446,4360.0,2984.9,-2.502086464501917,1.3865927555354014,-1.8087900867342157,474084
447,2940.0,3000.2,-2.502086464501917,1.3865927555354014,-1.8087900867342157,475083
448,3190.0,3004.5,-2.261228632554412,1.3139486350004637,-1.6042543150541793,475977
449,2740.0,2990.4,-2.261228632554412,1.3139486350004637,-1.6042543150541793,477073
